profile_url,name,country,gender,open_2025_rank_worldwide,backsquat,chad1000x,cleanandjerk,deadlift,fightgonebad,filthy50,fran,grace,helen,l1benchmark,maxpullups,murph,run5k,snatch,sprint400m
https://games.crossfit.com/athlete/2637623,Marvin Tulpin,France,Men,2878,,,,,,,,,,,,,,,
https://games.crossfit.com/athlete/914891,Bin Huang,China,Men (35-39),2844,157,,95,180,,22:21,2:44,3:40,9:01,,50,,21:20,75,1:32
https://games.crossfit.com/athlete/763917,Brady Borchardt,United States,Men,2885,425,52:00,350,500,,,2:32,1:38,,,,,19:19,300,1:01
https://games.crossfit.com/athlete/1954419,Oscar Castro,Spain,Men,365,,,,,,,,,,,,,,,
https://games.crossfit.com/athlete/1999061,Corentin Fourcaud,France,Men,580,,,,,,,,,,,,,,,
https://games.crossfit.com/athlete/870619,Barrett Koerselman,United States,Men,2001,465,,345,565,,,2:51,,,,50,,,280,
https://games.crossfit.com/athlete/1148021,Liam Mott,South Africa,Men,2716,215,,150,250,,,2:48,,,,,,22:15,120,
https://games.crossfit.com/athlete/1407160,Josh Ross,United States,Men (35-39),3655,,,,,,,,,,,,,,,
https://games.crossfit.com/athlete/397581,Kyle Johnson,United States,Men,4505,460,,335,605,,,2:55,1:58,9:58,,,,,255,
https://games.crossfit.com/athlete/1302477,Beom June Kim,"Korea, Republic of",Men (35-39),4593,,,,,,,,,,,,,,,
https://games.crossfit.com/athlete/252764,Jordan Hayward,United States,Men,737,420,,355,510,309,,3:05,1:30,,,42,,,290,
https://games.crossfit.com/athlete/2387621,Antoine Doucet,France,Men,1813,,,,,,,,,,,,,,,
https://games.crossfit.com/athlete/1529770,Willy Jimenez,Spain,Men,1000,,,,,,,,,,,,,,,
https://games.crossfit.com/athlete/464671,Johnathon Stephens,United States,Men,1428,401,,310,457,,,,2:07,,,47,,24:18,265,
https://games.crossfit.com/athlete/751147,Jacob Ayers,United States,Men,4825,350,,,435,,,,,,,,,,,
https://games.crossfit.com/athlete/230874,Axel Lundgren,Sweden,Men,743,,,112,160,,,4:04,3:00,,,60,,,93,1:05
https://games.crossfit.com/athlete/2244760,Nicolai Roth Nielsen,Denmark,Men,4270,,,,,,,,,,,,,,,
https://games.crossfit.com/athlete/977475,Charlie Wiseman,United Kingdom,Men,1070,,,,,,,,,,,,,,,
https://games.crossfit.com/athlete/2498461,Arthur Wolfe,United States,Men (50-54),2955,,,,,,,,,,,,,,,
https://games.crossfit.com/athlete/1920463,Robert Musante,United States,Men,4986,,,,,,,,,,,,,,,
https://games.crossfit.com/athlete/126543,Sonny Zickefoose,United States,Men,535,,,345,,,,,,,,,,,280,
https://games.crossfit.com/athlete/1950348,Joao Ferreira,Portugal,Men,1161,,,,,,,,,,,,,,,
https://games.crossfit.com/athlete/660727,Reid Howland,United States,Men,1273,,,,,,,,,,,,,,,
https://games.crossfit.com/athlete/902926,Leonel Sosa,Mexico,Men,4410,,,,,,,,,,,,,,,
https://games.crossfit.com/athlete/111024,Niklas Hecht,United States,Men (35-39),142,475,,355,525,,,2:01,1:08,,,68,,,285,
https://games.crossfit.com/athlete/2416734,Bruce Mabagos,New Zealand,Men,3684,,,,,,,,,,,,,,,
https://games.crossfit.com/athlete/721092,Justin Schilling,United States,Men,1903,,,,,,,,,,,,,,,
https://games.crossfit.com/athlete/1208149,Jonathan Haggerty,United Kingdom,Men,4536,,,,,,,,,,,,,,,
https://games.crossfit.com/athlete/2378204,Oreum Choi,"Korea, Republic of",Men,4603,410,,300,445,,,,,,,,,,245,
https://games.crossfit.com/athlete/1502226,Rudy Schuller,France,Men,2943,150,,125,190,,,,,,,40,50:00,20:00,100,
https://games.crossfit.com/athlete/901910,Lucas Raybaud,France,Men,1832,,,,,,,,,,,,,,,
https://games.crossfit.com/athlete/2514643,Marc Mclelland,United Kingdom,Men (35-39),2655,,,,,,,,,,,,,,,
https://games.crossfit.com/athlete/2066791,Finn Jent,United States,Men,2841,,,,,,,,,,,,,,,
https://games.crossfit.com/athlete/676489,Mathieu Baron,France,Men (40-44),2973,,,,,,,,,,,,,,,
https://games.crossfit.com/athlete/121243,Scott Ackerman,United States,Men,2633,,,,,,,,,,,,,,,
https://games.crossfit.com/athlete/239255,Frank Mastroianni,United States,Men,670,425,,325,475,409,,2:30,1:47,9:58,,30,,27:32,255,
https://games.crossfit.com/athlete/1782191,Jon Perez Martin,Spain,Men,3242,150,,110,170,,,3:12,,,,,,,90,
https://games.crossfit.com/athlete/1231427,Louis Osselaer,Belgium,Men,3420,,,,,,,,,,,,,,,
https://games.crossfit.com/athlete/1695709,Stephen Lentija,Australia,Men,1308,,,,,,,,,,,,,,,
https://games.crossfit.com/athlete/106080,Zac Atkins,United States,Men (35-39),3801,413,,316,445,,,2:22,1:38,7:48,,50,,19:45,225,
https://games.crossfit.com/athlete/459301,Quinton Smit,South Africa,Men (35-39),1663,,,,,,,,,,,,,,,
https://games.crossfit.com/athlete/821842,Ben Davidson,United States,Men,942,,,,,,,,,,,,,,,
https://games.crossfit.com/athlete/643581,Janis Ozolins,Latvia,Men (35-39),1508,,,,,,,,,,,,,,,
https://games.crossfit.com/athlete/679840,Ren Li,United States,Men,1921,420,,345,585,,,3:05,1:52,,,,42:24,24:28,265,1:04
https://games.crossfit.com/athlete/64550,Barry Fleming,United Kingdom,Men (35-39),2050,170,,135,223,459,27:41,3:47,1:51,7:32,,,,17:30,102,0:59
https://games.crossfit.com/athlete/1076131,Won Kim,"Korea, Republic of",Men (35-39),3907,355,,255,375,,,3:24,2:56,9:07,,,,,215,
https://games.crossfit.com/athlete/500482,Julien Lopez,France,Men (35-39),224,,,,,,,,,,,,,,,
https://games.crossfit.com/athlete/2456837,Dionicio Chávez,Mexico,Men,2123,,,,,,,,,,,,,,,
https://games.crossfit.com/athlete/500840,Clement Joris,France,Men (35-39),3080,,,,,,,,,,,,,,,
https://games.crossfit.com/athlete/1394901,Orcan Yazici,Turkey,Men,4922,,,,,,,,,,,,,,,
https://games.crossfit.com/athlete/495087,Mateus Ferro,Brazil,Men,397,,,,,,,,,,,,,,,
https://games.crossfit.com/athlete/2154830,Youbeen Joe,"Korea, Republic of",Men,4987,,,,,,,,,,,,,,,
https://games.crossfit.com/athlete/700912,William Farquharson,United States,Men,1597,415,,320,420,,,,,,,,,,259,
https://games.crossfit.com/athlete/2305071,Ross Watters,United Kingdom,Men,2240,,,,,,,,,,,,,,,
https://games.crossfit.com/athlete/1547671,Jonathan Meisel,Sweden,Men,2798,160,,121,211,,,2:44,1:57,8:40,,,,21:30,90,
https://games.crossfit.com/athlete/1609791,Samuel Hagen,United States,Men,1822,,,,,,,,,,,,,,,
https://games.crossfit.com/athlete/2406937,Daniel Vermont,United Kingdom,Men (35-39),4143,,,,,,,,,,,,,,,
https://games.crossfit.com/athlete/105109,Daniel Corica,Australia,Men (35-39),2628,155,53:43,120,200,384,19:00,2:25,1:48,7:53,,50,44:09,19:56,91,
https://games.crossfit.com/athlete/452592,Luiz Outor,Brazil,Men,1465,265,,275,445,,,4:17,3:13,,,,,,185,
https://games.crossfit.com/athlete/2383676,Kanji Sakiyama,Japan,Men,665,12,,10,2,,,0:10,,,,,,,10,
https://games.crossfit.com/athlete/480628,Anthony Luchansky,United States,Men (35-39),693,380,,308,475,499,,2:14,,7:18,,,35:38,,215,0:54
https://games.crossfit.com/athlete/711599,Xabier Hernando,Spain,Men,3172,,,,,,,,,,,,,,,
https://games.crossfit.com/athlete/1426608,Brandon Van Niekerk,South Africa,Men,828,,,,,,,,,,,,,,,
https://games.crossfit.com/athlete/2005913,Nick Luff,Australia,Men,1303,,,,,,,,,,,,,,,
https://games.crossfit.com/athlete/1954363,Shaquille Hamilton,United States,Men,1130,,,,,,,,,,,,,,,
https://games.crossfit.com/athlete/1600569,Lee Taylor,United States,Men,3056,,,,,,,,,,,,,,,
https://games.crossfit.com/athlete/1966663,Blaine Terry,United States,Men (35-39),1817,,,,,,,,,,,,,,,
https://games.crossfit.com/athlete/1993994,Oscar Gordon,Australia,Men,2882,,,,,,,,,,,,,,,
https://games.crossfit.com/athlete/1966490,Michael Miklusicak,United States,Men,1786,550,,335,500,,,2:53,,7:56,,,,,260,
https://games.crossfit.com/athlete/1973378,cooper McCallum,Australia,Men,4873,,,,,,,,,,,,,,,
https://games.crossfit.com/athlete/845892,JeongUk Ha,"Korea, Republic of",Men (35-39),2259,,,,,,,,,,,,,,,
https://games.crossfit.com/athlete/461950,Eren Kim,"Korea, Republic of",Men,1192,375,,300,441,,,2:26,,,,,,,250,
https://games.crossfit.com/athlete/2414102,Miguel Catita,Portugal,Men,671,,,,,,,,,,,,,,,
https://games.crossfit.com/athlete/675079,Fran Granados,Spain,Men (40-44),2733,110,,,150,,,3:57,,,,,,,65,
https://games.crossfit.com/athlete/1992752,Connor Weitz,United States,Men,2167,500,,335,565,482,,2:13,,,,,,,230,
https://games.crossfit.com/athlete/683669,Buck Jacobs,United States,Men (45-49),2351,345,,275,435,,,2:34,1:52,7:56,,44,31:55,,205,
https://games.crossfit.com/athlete/1612828,Oscar Nevermann,Sweden,Men,486,440,,325,506,,,1:58,1:04,,,40,,21:46,260,
https://games.crossfit.com/athlete/2171106,Sergio Martin,Spain,Men,992,,,,,,,,,,,,,,,
https://games.crossfit.com/athlete/34197,Brice Collier,United States,Men (35-39),2517,445,,295,555,469,16:46,2:05,1:19,7:36,,57,,,245,0:59
https://games.crossfit.com/athlete/196823,Brett Reed,United States,Men,3128,,,,,,,,,,,,,,,
https://games.crossfit.com/athlete/1823366,Eli Phillips,United States,Men,644,385,56:09,315,475,366,22:12,2:55,1:43,7:09,,32,44:55,16:57,237,0:52
https://games.crossfit.com/athlete/519299,Jared Meyers,United States,Men (35-39),4101,435,,307,450,,,2:23,,,,40,,20:22,247,
https://games.crossfit.com/athlete/1927210,Malo Hallier,France,Men,1710,145,,116,185,,,2:29,,,,,,,95,
https://games.crossfit.com/athlete/2262234,Bryce Edie,United States,Men,4024,,,,,,,,,,,,,,,
https://games.crossfit.com/athlete/1095799,Chase Maza,United States,Men,4459,,,,,,,,,,,,,,,
https://games.crossfit.com/athlete/1542031,Payton Lunsford,United States,Men,278,425,,300,465,,,,,,,,,20:59,250,
https://games.crossfit.com/athlete/2135024,Tom Gray,United Kingdom,Men,3940,,,,,,,,,,,,,,,
https://games.crossfit.com/athlete/2491833,Isaac Marsh,Australia,Men,4957,,,,,,,,,,,,,,,
https://games.crossfit.com/athlete/645378,Colby Capdeville,United States,Men,1937,290,,245,350,,,3:26,,9:06,,,,,200,
https://games.crossfit.com/athlete/1145914,Zachary Massa,United States,Men,2168,,,,,,,,,,,,,,,
https://games.crossfit.com/athlete/937408,Emilio Sanchez,Honduras,Men,2163,420,,352,475,,,,,,,,,,262,
https://games.crossfit.com/athlete/1788255,Alex Taylor,United Kingdom,Men (35-39),2872,190,,140,230,,,3:10,2:02,,,,,19:32,110,
https://games.crossfit.com/athlete/2185012,Vittoriomaria Ratto,Italy,Men,2955,155,,110,150,,,,,,,,,,83,
https://games.crossfit.com/athlete/1995604,Tommaso Caceffo,Italy,Men,4552,,,,,,,,,,,,,,,
https://games.crossfit.com/athlete/1765040,Christian Stickney,Canada,Men,4137,400,,290,451,,,2:46,2:06,8:29,,50,,27:15,220,
https://games.crossfit.com/athlete/2218534,Pau Martin Tiers,Spain,Boys (16-17),3469,,,,,,,,,,,,,,,
https://games.crossfit.com/athlete/2012875,Zane Hatfield,United States,Men,2825,405,65:00,305,510,,,2:20,,,,47,,21:20,260,0:50
https://games.crossfit.com/athlete/2697,Aaron Scott,United Kingdom,Men (35-39),3526,360,,270,430,,,2:32,,,,,,20:28,205,
https://games.crossfit.com/athlete/751114,Marcos Vinicius Oliveira da Cunha,Brazil,Men (35-39),3339,,,,,,,,,,,,,,,
https://games.crossfit.com/athlete/873119,Joel Backs,United States,Men,3438,,,,,,,,,,,,,,,
https://games.crossfit.com/athlete/252855,Robbie Perovich,Canada,Men (45-49),2208,,,,,,,,,,,,,,,
https://games.crossfit.com/athlete/990085,Brandon Lineberry,United States,Men,4037,430,,320,545,,,2:27,1:24,,,52,,22:30,275,1:06
https://games.crossfit.com/athlete/822255,Andrea Botticelli,Italy,Men,641,,,,,,,,,,,,,,,
https://games.crossfit.com/athlete/1149509,Ryan Winn,United States,Men,3418,,,,,,,,,,,,,,,
https://games.crossfit.com/athlete/2827588,Callum Jay,Australia,Men,271,220,,130,,,,,,,,,,20:00,100,
https://games.crossfit.com/athlete/1310551,Adrien Beulay,France,Men (35-39),4767,,,,,,,,,,,,,,,
https://games.crossfit.com/athlete/925670,Mykhailo Domashov,Ukraine,Men (35-39),1492,192,,154,240,,,,1:49,,,30,,22:00,130,
https://games.crossfit.com/athlete/1410795,Alexandre Favette,France,Men,3948,,,,,,,,,,,,,,,
https://games.crossfit.com/athlete/211706,Joseph Zwirn,United States,Men (35-39),1474,,,,,,,,,,,,,,,
https://games.crossfit.com/athlete/318213,Richard Vint,United Kingdom,Men (45-49),1866,,,,,,,,,,,,,,,
https://games.crossfit.com/athlete/1004144,Kévin Lorant,France,Men,324,,,,,,,,,,,,,,,
https://games.crossfit.com/athlete/1851561,David Espinoza,Chile,Men,3666,220,,161,,,,,,,,,,,125,
https://games.crossfit.com/athlete/1966444,Sebastian Roblero,Australia,Men,1790,,,,,,,,,,,,,,,
https://games.crossfit.com/athlete/1226842,David Vojtisek,Czech Republic,Men,1316,,,,,,,,,,,,,,,
https://games.crossfit.com/athlete/1680904,Jack West,United Kingdom,Men,4393,202,,130,269,,,,,,,,,19:44,102,
https://games.crossfit.com/athlete/765891,Tom Commandeur,Netherlands,Men,4059,170,,122,200,,,,2:00,8:05,,,,,105,
https://games.crossfit.com/athlete/2142947,Connor Hunt,United Kingdom,Men,4460,,,,,,,3:04,2:41,,,,,,,
https://games.crossfit.com/athlete/1858114,Barnabe Boissiere,France,Men,1805,180,,140,210,,,3:45,,,,,,,106,
https://games.crossfit.com/athlete/2352178,Joshua Thomas,New Zealand,Men,1825,,,135,215,,,,,,,,40:14,21:40,102,
https://games.crossfit.com/athlete/683220,Diego Kemper,Paraguay,Men,4864,,,,,,,,,,,,,,,
https://games.crossfit.com/athlete/2822886,Alkis Agatianos,Greece,Men,4380,,,,,,,,,,,,,,,
https://games.crossfit.com/athlete/1054886,Juan Sebastian Guerrero,Colombia,Men,1406,505,,365,505,,,,,,,,,,275,
https://games.crossfit.com/athlete/668363,Tias Freymond,Switzerland,Men,931,164,,130,215,,,3:07,,,,,,26:00,116,
https://games.crossfit.com/athlete/1366877,Kyle Reim,United States,Men,4670,,,,,,,,,,,,,,,
https://games.crossfit.com/athlete/1902735,Bruce Balcita,United States,Men,2181,405,,305,505,,,,,8:14,,,,25:42,235,
https://games.crossfit.com/athlete/1345887,Bradley Spreadborough,Australia,Men,871,220,,160,250,,,3:05,1:24,8:52,,,40:55,21:51,122,
https://games.crossfit.com/athlete/903282,Jérémy Fontaine,France,Men,4134,165,,130,200,321,,3:57,2:22,9:07,,,,20:09,98,
https://games.crossfit.com/athlete/169360,Anderon Primo,Brazil,Men,176,500,,365,555,,,2:32,1:40,,,57,,21:22,308,0:56
https://games.crossfit.com/athlete/1172702,Cameron Brown,United States,Men,2762,,,,,,,,,,,,,,,
https://games.crossfit.com/athlete/791359,Reese Langley,United States,Men,2561,,,,,,,,,,,,,,,
https://games.crossfit.com/athlete/1650042,Eric Banachowski,United States,Men,2999,,,,,,,,,,,,,,,
https://games.crossfit.com/athlete/2436093,Viktor Jóhannes Kristófersson,Iceland,Men,3055,,,,,,,,,,,,,,,
https://games.crossfit.com/athlete/1622276,Nicky Rodgers,United States,Men,209,14,99:59,71,135,12,99:10,69:00,123:00,500:00,500:00,1,,500:00,62,5:12
https://games.crossfit.com/athlete/2212972,Kaleb Sparks,United States,Men,2888,,,,,,,,,,,,,,,
https://games.crossfit.com/athlete/1478258,Mahdi Soltani,Iran,Men (35-39),3203,190,,140,200,,,,2:12,,,55,,22:20,110,1:05
https://games.crossfit.com/athlete/1381663,Jonathan Cilli,France,Men,3749,172,,130,190,,,,,,,,,,103,
https://games.crossfit.com/athlete/139178,Edwin Rhin Bourgeois,United States,Men (40-44),2780,415,,325,480,,,2:20,1:59,8:37,,76,,,260,
https://games.crossfit.com/athlete/346991,Dustin Owen,United States,Men (45-49),2558,,,,,,,,,,,,,,,
https://games.crossfit.com/athlete/1267605,Facundo Marte,Argentina,Men,4913,170,,130,205,,,2:25,2:52,,,,,21:32,105,
https://games.crossfit.com/athlete/2229777,Tyler Riebock,United States,Men,809,435,,315,455,,,,,,,,,,,
https://games.crossfit.com/athlete/150368,Jeb Buffington,United States,Men (45-49),4652,445,,327,445,349,22:31,2:57,1:27,7:45,,35,45:00,22:15,245,1:02
https://games.crossfit.com/athlete/2083864,Serhii Bashkatov,Ukraine,Men (35-39),2925,,,,,,,,,,,,,,,
https://games.crossfit.com/athlete/1862976,Colton Ayers,United States,Men,3815,385,58:11,305,500,,,3:23,1:52,7:59,,36,,,242,0:59
https://games.crossfit.com/athlete/468873,Josh Workman,United States,Men,309,475,,367,505,420,,1:58,,,,69,,17:47,285,0:56
https://games.crossfit.com/athlete/1376047,Dalton Jeffries,United States,Men,885,450,,336,545,,,2:32,4:26,8:40,,50,,,270,0:52
https://games.crossfit.com/athlete/13601,Kris Mccuiston,United States,Men (40-44),1212,340,,285,410,,17:40,2:20,2:35,,,103,,19:30,225,
https://games.crossfit.com/athlete/2539216,Han na mu Kim,"Korea, Republic of",Men,2847,365,,275,375,,,,,,,,,,225,
https://games.crossfit.com/athlete/2253907,Kim Dongmyeng,"Korea, Republic of",Men,2187,,,,,,,,,,,,,,,
https://games.crossfit.com/athlete/714733,Hengjia Ge,China,Men,3448,,,,,,,,,,,,,,,
https://games.crossfit.com/athlete/934637,Diogo Tavares,Portugal,Men (35-39),4012,200,,130,230,,,2:33,,,,,,17:32,105,
https://games.crossfit.com/athlete/1556330,Josh Martinez,United States,Men,4428,,,,,,,,,,,,,,,
https://games.crossfit.com/athlete/257991,Eui Seop Lee,"Korea, Republic of",Men,658,485,,345,495,,,2:05,,,,,,,280,
https://games.crossfit.com/athlete/759487,Dan Cronin,United States,Men,1175,,,,,,,,,,,,,,,
https://games.crossfit.com/athlete/456903,Dominik Kolera,Poland,Men,707,,,,,,,,,,,,,,,
https://games.crossfit.com/athlete/1993541,Brode Beckwith,United States,Men,4861,,,,,,,,,,,,,,,
https://games.crossfit.com/athlete/1695295,Connor Newbery,Canada,Men,545,900,,400,500,15,0:08,0:12,43:18,98:18,,1,,2:37,12,12:12
https://games.crossfit.com/athlete/2658760,Juan Pablo Lopez Estrada,Mexico,Men,3877,405,,290,425,,,,,,,,,22:22,215,
https://games.crossfit.com/athlete/779552,Clinton Morosini,Australia,Men,2200,,,,,,,,,,,,,,,
https://games.crossfit.com/athlete/982568,Jonathan Fenlon,United Kingdom,Men,3917,160,,125,200,,,,,,,,,,,
https://games.crossfit.com/athlete/2406736,Ole Bosman,Netherlands,Men,985,,,,,,,,,,,,,,,
https://games.crossfit.com/athlete/5538,Reza Mashkoori,Canada,Men (40-44),3968,405,,300,465,,,2:50,,,,,,19:12,225,0:59
https://games.crossfit.com/athlete/2076985,Jon Lewis,United States,Men,2721,,,,,,,,,,,,,,,
https://games.crossfit.com/athlete/1739263,Toni Koskinen,Finland,Men,735,170,,120,210,,,,,,,,,,80,
https://games.crossfit.com/athlete/2249883,Jared Bussiere,Canada,Men,916,,,,,,,,,,,,,,,
https://games.crossfit.com/athlete/2352322,Hayden Archbold,Australia,Men,2420,200,,130,210,,,,2:22,,,35,,18:10,102,1:07
https://games.crossfit.com/athlete/144790,Mathew Larson,United States,Men (40-44),4592,,,,,,,,,,,,,,,
https://games.crossfit.com/athlete/363662,Nicholas Altgilbers,United States,Men (40-44),1392,395,,305,475,380,,,1:59,,,,,18:04,235,
https://games.crossfit.com/athlete/2612423,Koen van Mierlo,Netherlands,Men,1880,,,,,,,,,,,,,,,
https://games.crossfit.com/athlete/47889,Jacob Dickinson,United States,Men (35-39),4698,405,,290,515,394,,2:59,1:56,7:51,,55,,,240,
https://games.crossfit.com/athlete/1226421,Francisco Javier Ruiz Prats,Spain,Men (35-39),2343,200,,141,200,,,,,,,,,,105,
https://games.crossfit.com/athlete/1184418,Brandon Fontenot,United States,Men (45-49),4469,405,,305,475,,,,,,,,,,245,
https://games.crossfit.com/athlete/2171050,Jun young Bae,"Korea, Republic of",Men,2763,,,,,,,,,,,,,,,
https://games.crossfit.com/athlete/267816,Thomas Barrick,United States,Men (35-39),1386,480,,360,525,,,,1:48,,,,,,285,
https://games.crossfit.com/athlete/526066,Alexandre Scatena,Brazil,Men (40-44),1266,206,,145,222,,,2:43,1:59,,,40,,,109,
https://games.crossfit.com/athlete/737294,Sangmin Park,"Korea, Republic of",Men,1064,,,,,,,,,,,,,,,
https://games.crossfit.com/athlete/2112739,Mark Taylor,United States,Men,2289,440,,340,545,,,2:31,,,,60,,19:59,275,
https://games.crossfit.com/athlete/788174,Henry Oivo,Finland,Men,2683,175,55:30,135,190,,,2:30,,,,,,,106,
https://games.crossfit.com/athlete/2327240,Chae Woon Lee,"Korea, Republic of",Men,4579,,,,,,,,,,,,,,,
https://games.crossfit.com/athlete/1297568,Vincent Desgagnes,Canada,Men,2140,315,,,375,,,,,,,,,,,
https://games.crossfit.com/athlete/657680,Lars Kristensen,Australia,Men (35-39),510,200,,152,250,,,2:03,,,,80,28:55,18:52,124,0:52
https://games.crossfit.com/athlete/1998842,Edward Jane,United Kingdom,Men,2452,,,,,,,,,,,,,,,
https://games.crossfit.com/athlete/654299,Caleb Farrell,United States,Men,993,,,,,,,,,,,,,,,
https://games.crossfit.com/athlete/1760568,Neal Stevenson,South Africa,Men,2745,,,,,,,,,,,,,,,
https://games.crossfit.com/athlete/327313,Steven Rodriguez,United States,Men,2803,440,,355,540,330,,2:01,2:00,,,,,,250,
https://games.crossfit.com/athlete/1770090,Dylan Vety,France,Men,4984,160,,120,205,,,2:41,,,,,,23:47,101,
https://games.crossfit.com/athlete/450402,Juan Jose Sanchez Garcia,Mexico,Men (35-39),2527,,,,,,,,,,,,,,,
https://games.crossfit.com/athlete/1483911,Jackson Mcgregor,Australia,Men,4161,,,,,,,,,,,,,,,
https://games.crossfit.com/athlete/1791275,Felipe Trindade,Brazil,Men,4257,,,,,,,,,,,,,,,
https://games.crossfit.com/athlete/2322598,Noa Fivel,France,Men,1581,,,,,,,,,,,,,,,
https://games.crossfit.com/athlete/352281,Vinicius Zola,Brazil,Men (35-39),2386,,,,,,,,,,,,,,,
https://games.crossfit.com/athlete/2253707,Corey Arnouts,United States,Men,2450,445,,315,545,,,,,,,,48:40,21:40,255,
https://games.crossfit.com/athlete/533212,Tony Lauters,United States,Men,253,475,,325,505,314,17:24,2:00,1:40,8:10,,42,,,260,
https://games.crossfit.com/athlete/405196,Leon Uptegrove,United States,Men (35-39),4242,445,,320,505,409,19:45,2:15,1:47,7:32,,55,,19:45,260,1:00
https://games.crossfit.com/athlete/874857,Ethan Wasil,United States,Men,2511,275,,230,385,,,,,,,,,,150,
https://games.crossfit.com/athlete/716143,Roma Abramov,N/A,Men (45-49),4627,142,,100,175,413,,3:44,3:19,7:55,,47,,26:02,71,1:02
https://games.crossfit.com/athlete/2811310,Romain Larzul,France,Men,4824,,,,,,,,,,,,,,,
https://games.crossfit.com/athlete/1525426,Justin Johnson,United States,Men,476,,,,,,,,,,,,,,,
https://games.crossfit.com/athlete/1179333,David Pollard,United Kingdom,Men,2613,,,,,,,,,,,,,,,
https://games.crossfit.com/athlete/1939136,Derrick Gullett,United States,Men,850,415,40:45,335,500,418,,2:12,2:02,,,,48:58,24:00,235,1:00
https://games.crossfit.com/athlete/2376779,Joel Puke,New Zealand,Men,2373,190,,131,232,,,2:42,,,,70,,,112,
https://games.crossfit.com/athlete/10693,Stefan Dallheimer,Germany,Men (40-44),1945,202,,125,200,,17:52,2:35,,,,,36:10,,97,
https://games.crossfit.com/athlete/2624125,Max York,United Kingdom,Men,3386,,,,,,,,,,,,,,,
https://games.crossfit.com/athlete/1330319,James Dunn,United Kingdom,Men,4438,,,,,,,,,,,,,,,
https://games.crossfit.com/athlete/1576906,Cameron Crawford,United States,Men,286,,,,,,,,,,,,,,,
https://games.crossfit.com/athlete/445248,Joey Szwec,United States,Men,2080,,,,,,,,,,,,,,,
https://games.crossfit.com/athlete/2736346,Thibauld Cosatti,France,Men,364,,,,,,,,,,,,,,,
https://games.crossfit.com/athlete/1775146,Carles Rossello Jover,Spain,Men,4658,,,,,,,,,,,,,,,
https://games.crossfit.com/athlete/811078,Andrew Watts,United Kingdom,Men (35-39),480,,,,,,,,,,,,,,,
https://games.crossfit.com/athlete/917855,Simon Talbot,Canada,Men (40-44),4769,367,,255,545,,,3:40,,,,,,,195,
https://games.crossfit.com/athlete/1055621,Cole Caldwell,United States,Men,632,,,,,,,,,,,,,,,
https://games.crossfit.com/athlete/1771671,Olivier Carrier,Canada,Men,634,,,,,,,,,,,,,,,
https://games.crossfit.com/athlete/2379776,Maksym Marchenko,Ukraine,Boys (16-17),4449,,,115,150,,,,,,,,,,,
https://games.crossfit.com/athlete/105707,Zachary Burton,United States,Men (35-39),3250,365,,275,455,,,,2:52,,,54,,,205,1:16
https://games.crossfit.com/athlete/2165273,Joe Thompson,United Kingdom,Men,2361,158,,115,200,,,3:07,,,,50,,,85,
https://games.crossfit.com/athlete/162712,Spencer Panchik,United States,Men,123,,,,,,,,,,,,,,,
https://games.crossfit.com/athlete/1385813,Seyed Hossein Arabshahi,Iran,Men,3896,,,,,,,,,,,,,,,
https://games.crossfit.com/athlete/2051075,Hyun Sung Shin,"Korea, Republic of",Men (35-39),4998,,,,,,,,,,,,,,,
https://games.crossfit.com/athlete/2238253,Leonardo Vindas,Costa Rica,Men,1120,,,,,,,,,,,,,,,
https://games.crossfit.com/athlete/129340,Dylan Mitai,New Zealand,Men (35-39),2003,150,,,185,,,2:36,3:10,7:40,,,,,,
https://games.crossfit.com/athlete/721039,Vincent Camps,United States,Men,2217,390,,280,430,408,18:39,2:34,1:57,7:33,,,,18:25,215,1:03
https://games.crossfit.com/athlete/1570019,Mitchell Minton,United States,Men,1593,450,,335,515,,,,,,,,,,265,
https://games.crossfit.com/athlete/697475,John Wood,United States,Men,214,475,,385,575,,,,,,,70,,,300,
https://games.crossfit.com/athlete/1007577,Emiliano Morales,Canada,Men,794,,,,,,,,,,,,,,,
https://games.crossfit.com/athlete/269229,Angelo Brussich,United States,Men,507,455,,335,650,412,,2:22,1:35,,,60,,21:30,275,1:00
https://games.crossfit.com/athlete/1271103,Evan Rogers,United States,Men,249,,,,,,,,,,,,,,,
https://games.crossfit.com/athlete/117785,Owen Bernstein,United States,Men,909,515,,360,560,511,,1:52,1:16,8:11,,70,,21:26,300,0:59
https://games.crossfit.com/athlete/996043,Michael Vetter,United States,Men (35-39),4318,,,,,,,,,,,,,,,
https://games.crossfit.com/athlete/1215674,Eero Laakso,Finland,Men,787,,,,,,,,,,,,,,,
https://games.crossfit.com/athlete/1348512,Dylan Gibbs,United States,Men,548,465,,335,500,,,,,,,,,,255,
https://games.crossfit.com/athlete/389287,Dan Hardiman,United States,Men,2724,445,,350,510,405,16:50,1:56,1:39,7:30,,60,57:28,21:36,290,1:03
https://games.crossfit.com/athlete/751997,Andre Hatzipaulou,Australia,Men,4426,,,,,,,,,,,,,,,
https://games.crossfit.com/athlete/2716843,Jacob Cortez,United States,Men,3341,,,,,,,,,,,,,,,
https://games.crossfit.com/athlete/2060736,Damien Attard,Malta,Men,2653,,,,,,,,,,,,,,,
https://games.crossfit.com/athlete/1957456,Linas Paulikas,Lithuania,Men (40-44),1716,,,,,,,,,,,,,,,
https://games.crossfit.com/athlete/550580,Paul Dillaway,United States,Men (35-39),2924,465,,315,515,,,2:58,,7:42,,41,,,235,
https://games.crossfit.com/athlete/30180,Guido Trinidad,United States,Men (40-44),1920,450,,345,475,438,17:33,2:12,1:23,7:40,,63,,21:13,275,1:02
https://games.crossfit.com/athlete/2446781,Cédric DENOIRJEAN,France,Men,822,,,,,,,,,,,,,,,
https://games.crossfit.com/athlete/2377268,Franck Boissier,France,Men,4829,,,,,,,,,,,,,,,
https://games.crossfit.com/athlete/1631864,Jack Nugent,Australia,Men,3584,,,,,,,,,,,,,,,
https://games.crossfit.com/athlete/480617,Canaan Stanley,United States,Men,3946,440,,335,555,,,,,,,,,,275,
https://games.crossfit.com/athlete/897110,Tudor Magda,United States,Men,392,475,,385,595,,,,,7:22,,65,,18:50,325,
https://games.crossfit.com/athlete/1300516,Edward Brotherton,Australia,Men (40-44),2692,,,,,,,,,,,,,,,
https://games.crossfit.com/athlete/1304256,Mike Phillips,United States,Men (35-39),3435,,,,,,,,,,,,,,,
https://games.crossfit.com/athlete/512990,Aingeru Setien,Spain,Men (35-39),394,,,,,,,,,,,,,,,
https://games.crossfit.com/athlete/635524,Isaac Arroyo,United States,Men,1618,,,,,,,,,,,,,,,
https://games.crossfit.com/athlete/1175317,Joe Forrester,United Kingdom,Men,2749,,,,,,,,,,,,,,,
https://games.crossfit.com/athlete/1979830,Guilherme Toigo,Brazil,Men,4415,170,,114,200,,,,,,,46,,,84,
https://games.crossfit.com/athlete/1551971,Marco Nel,South Africa,Men,4947,,,,,,,,,,,,,,,
https://games.crossfit.com/athlete/1971146,Mathew Crampton,Australia,Men (40-44),1608,185,,130,230,,21:36,3:50,,10:01,,,,,100,
https://games.crossfit.com/athlete/680917,Koby Roberts,Canada,Men,284,405,,315,400,,,2:41,2:12,,,60,,18:05,245,1:10
https://games.crossfit.com/athlete/1439304,Nate Ackermann,United States,Men,88,,,,,,,,,,,,,,,
https://games.crossfit.com/athlete/2239943,Théo Bevilacqua,Brazil,Men,1460,,,,,,,3:30,,,,,,,,
https://games.crossfit.com/athlete/428767,Alejandro Briatore Gazi,Spain,Men,2164,205,,135,215,,,2:35,2:42,,,40,,,108,
https://games.crossfit.com/athlete/1111863,Joey Larocque,Canada,Men,2332,435,,315,545,,,2:03,,,,60,,23:35,225,
https://games.crossfit.com/athlete/1996260,Alexander Majors,United States,Men,241,,,350,,,,,,,,,,,285,
https://games.crossfit.com/athlete/901503,Kaique Cerveny,Brazil,Men,499,,,,,,,,,,,,,,,
https://games.crossfit.com/athlete/2689260,Isaac Burgis,Australia,Men,1445,,,,,,,,,,,,,,,
https://games.crossfit.com/athlete/611675,Michael Brooks,United States,Men,3200,,,,,,,,,,,,,,,
https://games.crossfit.com/athlete/471316,Ben Dankow,United States,Men,2288,505,,325,565,,,2:06,,,,30,,,275,0:49
https://games.crossfit.com/athlete/1039309,Phillip Cowin,United States,Men (35-39),1339,,,,,,,,,,,,,,,
https://games.crossfit.com/athlete/803818,Patrick Clapin,Australia,Men (35-39),1115,,,,,,,,,,,,,,,
https://games.crossfit.com/athlete/2604558,Yeonjae Choi,"Korea, Republic of",Men,1977,400,,285,475,,,2:56,,,,,,,235,
https://games.crossfit.com/athlete/2132215,Vincenzo Scurto,Italy,Men,3495,,,,,,,,,,,,,,,
https://games.crossfit.com/athlete/2067918,Victor Helsinghof,Norway,Men,70,,,,,,,,,,,,,,,
https://games.crossfit.com/athlete/1792513,Gaetan Magueur,France,Men,3299,170,,120,195,,,,,,,,,,95,
https://games.crossfit.com/athlete/1510812,Kyle Reed,United Kingdom,Men,2695,205,,150,230,,,,2:20,,,,,23:05,117,1:16
https://games.crossfit.com/athlete/470248,Wyatt Wardenburg,United States,Men (45-49),3276,415,,300,,396,,2:30,1:40,,,,,,230,
https://games.crossfit.com/athlete/2600062,Patrick Mazur,United States,Men (35-39),3978,,,335,525,,,,,,,,,,,
https://games.crossfit.com/athlete/2435879,hak jun Choi,"Korea, Republic of",Men,2743,,,,,,,,3:14,,,,,,,
https://games.crossfit.com/athlete/1722411,Kaleem Barreto,United Kingdom,Men,2930,,,,,,,,,,,,,,,
https://games.crossfit.com/athlete/759387,Jacob DiSalvo,United States,Men,4275,415,,285,535,,,2:40,,8:01,,,,18:45,225,0:50
https://games.crossfit.com/athlete/1775032,Sebastian Hallberg,Sweden,Men,4061,120,,100,140,,,,,,,,,,75,
https://games.crossfit.com/athlete/737507,Sergey Krys,Ukraine,Men (40-44),994,,,,,,,,,,,,,,,
https://games.crossfit.com/athlete/694394,Fernando Castillo,China,Men,3070,,,,,,,,,,,,,,,
https://games.crossfit.com/athlete/569405,Taylor Cooper,United States,Men,1772,340,,275,405,419,20:29,2:53,1:53,8:01,,50,,20:27,220,1:08
https://games.crossfit.com/athlete/2427170,Joshua Pedley,New Zealand,Men,2135,,,,,,,,,,,,,,,
https://games.crossfit.com/athlete/240482,Mitch Wagner,United States,Men (35-39),126,485,,345,530,,,1:53,1:12,,,,,,270,
https://games.crossfit.com/athlete/1780494,Matheus Oliveira,Brazil,Men,929,,,,,,,,,,,,,,,
https://games.crossfit.com/athlete/42717,Joe Scali,Canada,Men (35-39),242,465,,335,555,,15:05,2:00,1:30,,,,,,275,
https://games.crossfit.com/athlete/2387702,Virgilio Zupancich,Italy,Men,2395,138,55:29,105,190,333,22:13,4:18,3:40,8:06,5:17,48,37:05,19:10,81,0:58
https://games.crossfit.com/athlete/708701,Eric Powell,United States,Men (35-39),4273,515,,325,555,,,2:30,1:43,,,40,,,285,
https://games.crossfit.com/athlete/285288,John Robinson,United States,Men,3935,,,,,,,,,,,,,,,
https://games.crossfit.com/athlete/2319752,Adam Minard,Sweden,Men (35-39),4362,196,,130,250,,,4:44,2:57,,,,,,95,
https://games.crossfit.com/athlete/1827798,Changu Yeo,"Korea, Republic of",Men,3439,,,,,,,,,,,,,,,
https://games.crossfit.com/athlete/569175,Florian Castaing,France,Men,4823,182,,122,223,,,2:29,,,,48,,,87,
https://games.crossfit.com/athlete/2126950,Dom Bigg,Australia,Boys (16-17),3053,,,,,,,,,,,,,,,
https://games.crossfit.com/athlete/814471,Stephen Mischewski,New Zealand,Men,121,,,,,,,,,,,,,,,
https://games.crossfit.com/athlete/2222251,Edgard Lombard,France,Men,4573,,,,,,,,,,,,,,,
https://games.crossfit.com/athlete/1799755,Cedric Bastien,France,Men,4068,,,,,,,,,,,,,,,
https://games.crossfit.com/athlete/225323,Graeme Fraser,Canada,Men,1531,465,50:30,325,505,404,,2:36,1:09,,,30,40:56,,240,
https://games.crossfit.com/athlete/726801,Taylor D Stephens,United States,Men,2488,405,,285,405,,,2:17,1:55,8:02,,,37:42,21:17,215,
https://games.crossfit.com/athlete/2009464,Brandyn Gaskill,Australia,Men,153,,,,,,,,,,,,,,,
https://games.crossfit.com/athlete/2265855,Antonio Burguete,Mexico,Men,918,,,,,,,,,,,,,,,
https://games.crossfit.com/athlete/2822633,jackson topine,New Zealand,Men,3312,,,,,,,,,,,,,,,
https://games.crossfit.com/athlete/556752,Kyung Hwan Oh,"Korea, Republic of",Men (35-39),4195,409,,140,210,,,,,,,50,,20:00,105,
https://games.crossfit.com/athlete/14960,Travis Williams,United States,Men,3260,455,,367,565,486,,2:02,,7:41,,52,,20:55,295,
https://games.crossfit.com/athlete/2038210,Serafin Camacho,United States,Men,4263,465,,345,485,,,,,,,,,20:19,265,
https://games.crossfit.com/athlete/151900,Wes Jenkins,United States,Men,4803,385,,285,455,,,2:17,,,,,,19:01,221,
https://games.crossfit.com/athlete/1768381,Blaine Kearey,United Kingdom,Men (45-49),4294,,,,,,,,,,,,,,,
https://games.crossfit.com/athlete/1609450,Sebastian Vargas,Colombia,Men,2072,,,,215,,,2:08,,,,,,20:30,,
https://games.crossfit.com/athlete/180508,Omar Tapia,Mexico,Men (40-44),775,410,,300,455,,,2:00,,,,50,,17:00,225,
https://games.crossfit.com/athlete/49498,Francisco Javier Chiquinho,Brazil,Men (35-39),1352,418,,315,506,,,2:26,1:59,,,50,,17:21,250,
https://games.crossfit.com/athlete/2006660,Joshua Juarez,United States,Men (35-39),3997,,,,,,,,,,,,,,,
https://games.crossfit.com/athlete/2089112,Dwight Sheehan,United States,Men,4054,,,,,,,,,,,,,,,
https://games.crossfit.com/athlete/2306742,Chung Won Baek,"Korea, Republic of",Men,1118,445,69:11,310,495,,,2:23,,,,,,25:00,250,
https://games.crossfit.com/athlete/2433293,Aaron Becroft,Australia,Men,4919,160,,125,202,,,,,,,,52:20,19:18,100,
https://games.crossfit.com/athlete/409674,Adam Walker,United States,Men,2777,445,,340,562,,21:20,2:39,2:32,8:22,,23,,21:00,250,
https://games.crossfit.com/athlete/478197,Owen Lewis,United Kingdom,Men (40-44),2673,150,,115,190,,,2:37,1:47,8:23,,52,,,95,
https://games.crossfit.com/athlete/2443027,Ben McCarthy,United Kingdom,Men,3285,,,,,,,,,,,,,,,
https://games.crossfit.com/athlete/1116260,Noah Hardwick,United States,Men,3449,425,,320,535,,,2:18,,,,60,,18:32,245,
https://games.crossfit.com/athlete/892183,KyungBo Lee,"Korea, Republic of",Men,1043,,,,,,,,,,,,,,,
https://games.crossfit.com/athlete/822905,Joe Pollio,United States,Men (35-39),2158,,,,,,,,,,,,41:13,,,
https://games.crossfit.com/athlete/3468,Ben O'Reilly,New Zealand,Men (35-39),4951,170,,110,200,382,19:18,2:35,2:14,7:45,,52,,18:03,90,1:03
https://games.crossfit.com/athlete/1957547,Ryan Graunke,United States,Men,4340,,,,,,,,,,,,,,,
https://games.crossfit.com/athlete/1621905,Nick DiMarco,United States,Men,639,,,,,,,,,,,,,,,
https://games.crossfit.com/athlete/2061047,Jaehyoen Shin,"Korea, Republic of",Men,2795,,,,,,,,,,,,,,,
https://games.crossfit.com/athlete/628287,Miguel Angel Jimenez Medina,Mexico,Men (40-44),2681,,,,,,,,,,,,,,,
https://games.crossfit.com/athlete/2706336,Dennis Lengsfeld,Germany,Men,4346,,,,,,,,,,,,,,,
https://games.crossfit.com/athlete/10679,Stef Lig,United Kingdom,Men (35-39),531,170,,115,190,,,3:34,2:07,7:33,,41,,,85,
https://games.crossfit.com/athlete/498451,Matias Suez,Canada,Men,1061,,,,,,,,,,,,,,,
https://games.crossfit.com/athlete/1213381,Cameron Doyle,United States,Men,216,,,,,,,,,,,,,,,
https://games.crossfit.com/athlete/1146768,Mason Whitlock,United States,Men,2474,,,,,,,,,,,,,,,
https://games.crossfit.com/athlete/1791164,Hongseok Jo,"Korea, Republic of",Men,1288,,,,,,,,,,,,,,,
https://games.crossfit.com/athlete/481978,Nate Davis,United States,Men (35-39),3161,,,,,,,,,,,,,,,
https://games.crossfit.com/athlete/1756915,Billy May,New Zealand,Men,638,,,,,,,,,,,,,,,
https://games.crossfit.com/athlete/779586,Derek Barka,United States,Men (45-49),3661,405,,255,415,311,,,,,,,,20:30,165,
https://games.crossfit.com/athlete/2216285,Brady Tarbush,United States,Men (35-39),1986,,,,,,,,,,,,,,,
https://games.crossfit.com/athlete/436372,Mason Kaniewski,United States,Men,1699,455,,295,525,419,19:58,2:25,1:24,7:35,,50,,,225,0:53
https://games.crossfit.com/athlete/1796311,Harry Charlier,United Kingdom,Men,3342,190,,146,270,,,,,,,58,,,110,
https://games.crossfit.com/athlete/817269,Sam True,United States,Men,697,465,,370,515,400,,2:08,,,,63,,22:00,270,0:59
https://games.crossfit.com/athlete/2678235,Jinhun Heo,"Korea, Republic of",Men,4288,,,,,,,,,,,,,,,
https://games.crossfit.com/athlete/689832,Eric Richard,Canada,Men,3354,435,77:27,303,480,,23:35,3:49,2:06,9:34,,40,,,226,
https://games.crossfit.com/athlete/854451,Nikolay Guskov,N/A,Men,3499,,,,,,,,,,,,,,,
https://games.crossfit.com/athlete/1209061,Leboulleux Anthony,France,Men (35-39),867,,,,,,,,,,,,,,,
https://games.crossfit.com/athlete/2618303,Rada Sovljanski,Australia,Men,1879,,,,,,,,,,,,,,,
https://games.crossfit.com/athlete/390342,Justin Jackson,United States,Men (35-39),2756,500,,336,500,389,11:01,2:09,1:26,8:55,,62,35:51,,260,1:09
https://games.crossfit.com/athlete/1965440,Sejin Park,"Korea, Republic of",Men,1412,,,,,,,,,,,,,,,
https://games.crossfit.com/athlete/2594818,Yongmin Keem,"Korea, Republic of",Men,3543,,,,,,,,,,,,,,,
https://games.crossfit.com/athlete/262945,Graham Holmberg,United States,Men (40-44),3590,440,,335,555,433,17:30,2:04,1:12,7:04,,55,,19:00,280,
https://games.crossfit.com/athlete/1073838,Jacob Klatkiewicz,United States,Men,2411,485,,350,500,320,19:16,1:36,1:30,8:40,,21,,19:00,265,1:10
https://games.crossfit.com/athlete/621610,Sam Dancer,United States,Men (35-39),300,535,,365,655,484,,2:00,1:00,7:10,,65,,,315,
https://games.crossfit.com/athlete/368692,Carlos Ivan Fernandez,Spain,Men (40-44),2822,165,,130,205,,,2:14,2:04,,,63,,,100,1:12
https://games.crossfit.com/athlete/141332,Dustin Campbell,United States,Men (35-39),4237,455,,300,500,,,2:30,6:47,7:46,,,,,275,
https://games.crossfit.com/athlete/897500,Tyler Pagenkopf,United States,Men,4701,410,,325,475,,,2:32,1:19,,,,51:14,,300,
https://games.crossfit.com/athlete/1960762,Khamraliev Abdulla,China,Men,3064,,,,,,,,,,,,,,,
https://games.crossfit.com/athlete/649340,Luowei Yan,China,Men (35-39),4905,200,,145,220,,,,,,,,,,110,
https://games.crossfit.com/athlete/1121497,Asier Moreno,Spain,Men,566,,,,,,,,,,,,,,,
https://games.crossfit.com/athlete/507306,Matt Haney,United States,Men (35-39),1421,,,,,,,,,,,,,,,
https://games.crossfit.com/athlete/630637,Alexander Korotkov,N/A,Men (40-44),3330,,,,,,,,,,,,,,,
https://games.crossfit.com/athlete/2243007,Kieron Hart,United Kingdom,Men,3646,170,,106,180,,,,,,,,46:18,,90,1:16
https://games.crossfit.com/athlete/1949922,Edson Guadalupe Mata Flores,Mexico,Men,1795,,,,,,,,,,,,,,,
https://games.crossfit.com/athlete/439784,Vincent Chevry,France,Men (45-49),4390,170,,120,220,,,2:35,,,,,,,102,
https://games.crossfit.com/athlete/121838,Tomas Calvo,Costa Rica,Men (35-39),4392,455,,305,465,,,2:16,1:47,,,50,,21:43,,
https://games.crossfit.com/athlete/1633572,Joe Daly,Canada,Men,4544,,,,,,,,,,,,,,,
https://games.crossfit.com/athlete/473970,Brian Huynh,United States,Men,605,,,,,,,,,,,,,,,
https://games.crossfit.com/athlete/290963,Rj Baldoni,United States,Men (35-39),4513,,,,,,,,,,,,,,,
https://games.crossfit.com/athlete/229149,Rogerio Fernandes,Portugal,Men (35-39),4812,145,,111,180,336,20:51,3:31,2:24,9:04,,35,,22:24,92,1:20
https://games.crossfit.com/athlete/532455,Jason Grubb,United States,Men (45-49),1046,405,,300,487,378,21:38,2:42,1:50,8:34,,48,,,225,1:03
https://games.crossfit.com/athlete/1993626,Emilio Aguerre,Argentina,Men (35-39),1095,160,,120,215,,,2:15,,,,,,,90,
https://games.crossfit.com/athlete/1468589,Joseph Hurley,United Kingdom,Men,1402,202,,170,250,,,,,,,,,,138,
https://games.crossfit.com/athlete/1651339,Corentin Cognet,France,Men,1327,165,,135,210,,,,,,,,,,125,
https://games.crossfit.com/athlete/244954,Bryce Becker,United States,Men (40-44),3867,,,,,,,,,,,,,,,
https://games.crossfit.com/athlete/1492594,Guillaume Degiovanni,France,Men (40-44),1374,,,80,130,,,4:04,,,,,,,67,
https://games.crossfit.com/athlete/685499,Sven Borruat,Switzerland,Men,3346,150,,125,190,,24:49,,,,,,,,103,
https://games.crossfit.com/athlete/775743,Jordan Krajci,United States,Men,3968,,,,,,,,,,,,,,,
https://games.crossfit.com/athlete/2488745,Zachery Miller,United States,Men,3906,,,,,,,,,,,,,,,
https://games.crossfit.com/athlete/1833159,Cheongyu Park,"Korea, Republic of",Men,1414,485,,325,485,,,,2:37,,,,,20:52,265,
https://games.crossfit.com/athlete/1464847,Michele Ronchi,Italy,Men,2204,,,,,,,,,,,,,,,
https://games.crossfit.com/athlete/687910,Justin MacDonald,United States,Men,1666,385,,275,440,,,,,,,,,,225,
https://games.crossfit.com/athlete/2139572,Edoardo Lazzari,Italy,Men,298,175,64:02,125,222,,,,,,,,,,,
https://games.crossfit.com/athlete/718995,Franco Emanuel Oroná,Argentina,Men,2511,190,,150,210,,30:00,3:36,,,,30,,23:15,120,1:23
https://games.crossfit.com/athlete/108376,Karl Hines,United States,Men (35-39),3225,510,,390,670,,,2:27,2:18,9:54,,,,,300,
https://games.crossfit.com/athlete/467053,Facundo Niño,Argentina,Men,3206,,,,,,,,,,,,,,,
https://games.crossfit.com/athlete/757520,Breno Pinheiro,Brazil,Men (35-39),1303,200,,161,220,,,,,,,,,,118,
https://games.crossfit.com/athlete/229041,Kelly Souheaver,United States,Men (40-44),3399,405,,295,530,,,2:18,1:23,7:43,,60,,,225,
https://games.crossfit.com/athlete/2551401,vincent Ferrer,France,Men,3571,,,,,,,,,,,,,,,
https://games.crossfit.com/athlete/984966,Ryan Drew,United States,Men,384,,,,,,,,,,,,,,,
https://games.crossfit.com/athlete/944298,Christian Bergseth,Norway,Men,1898,,,,,,,,,,,,,,,
https://games.crossfit.com/athlete/2180481,Tohid Elyasi,Iran,Men,3791,185,,147,217,,,,,,,60,,,110,1:17
https://games.crossfit.com/athlete/26401,Jonathan Bullough,United Kingdom,Men (35-39),1738,160,,125,190,,,3:42,2:32,7:35,,52,,,87,
https://games.crossfit.com/athlete/711736,Shawn Leffler,United States,Men,1084,,,,,,,,,,,,,,,
https://games.crossfit.com/athlete/593785,Jamie Lowry,United Kingdom,Men,684,465,,320,506,,,,,,,,,19:42,273,
https://games.crossfit.com/athlete/1896387,Renato Rossato,Brazil,Men (35-39),1916,,,,,,,,,,,,,,,
https://games.crossfit.com/athlete/2364325,Zach Day,United States,Men,4656,,,,,,,,,,,,42:53,,,
https://games.crossfit.com/athlete/1605805,Hugo Leone-La Greca,France,Men,2486,,,112,,,,2:42,,,,,,,90,
https://games.crossfit.com/athlete/2106352,Gabriel Perez,United States,Men,926,415,,325,475,,,2:27,1:49,,,,59:37,25:36,275,
https://games.crossfit.com/athlete/2263477,Gustav Blom,Sweden,Men,1269,,,,,,,,,,,,,,,
https://games.crossfit.com/athlete/2229479,Eric Stark,United States,Men,4511,,,,,,,,,,,,,,,
https://games.crossfit.com/athlete/1043746,Tom Woodham,Australia,Men,611,190,,145,220,,,,,,,,,21:55,120,
https://games.crossfit.com/athlete/2158863,Qarch Hawk,United States,Men,1842,,,,,,,,,,,,,,,
https://games.crossfit.com/athlete/2505762,Gabo Ludeña,Ecuador,Men,4072,,,,,,,,,,,,,,,
https://games.crossfit.com/athlete/1530094,Nicholas Ogimachi,United States,Men,3068,405,,300,425,278,,2:48,3:14,9:10,,34,,21:38,225,1:07
https://games.crossfit.com/athlete/1759854,Amos Leef,New Zealand,Men (35-39),3439,,,,,,,,,,,,,,,
https://games.crossfit.com/athlete/2253289,Junior Aguirre,United States,Men,2608,345,,260,385,,,2:54,,9:14,,22,,21:26,185,
https://games.crossfit.com/athlete/1068333,Lionel Denis,Belgium,Men (35-39),3890,,,,,,,,,,,,,,,
https://games.crossfit.com/athlete/2243321,Hyochan Kwon,"Korea, Republic of",Men,1416,,,,,,,,,,,,,,,
https://games.crossfit.com/athlete/135421,Viktor Langsved,Sweden,Men,583,,,,,,,,,,,,,,,
https://games.crossfit.com/athlete/266951,Benjamin James,United States,Men (40-44),3593,335,,295,455,,,,,,,,,,225,
https://games.crossfit.com/athlete/1749998,Gašper Čepon,Slovenia,Men,3192,,,,,,,,,,,,,,,
https://games.crossfit.com/athlete/1202290,Gediminas Simanavicius,Lithuania,Men (35-39),3191,,,,,,,,,,,,,,,
https://games.crossfit.com/athlete/1232677,William Nascimento,Brazil,Men,4107,205,,160,220,,,2:15,1:40,,,42,,20:58,120,1:02
https://games.crossfit.com/athlete/860220,Victor Montano,Mexico,Men,4334,345,,,405,,,3:20,,,,,,15:00,235,
https://games.crossfit.com/athlete/2177463,Kevin Gumilar,Indonesia,Men,4707,,,,,,,,,,,,,,,
https://games.crossfit.com/athlete/2709615,Moosung Kim,"Korea, Republic of",Men,3506,,,,,,,,,,,,,,,
https://games.crossfit.com/athlete/1143380,Dylan Young,Australia,Men,4500,170,,135,260,,,,,,,,,21:43,121,
https://games.crossfit.com/athlete/1943789,Chema Rodríguez,Spain,Men,2484,,,,,,,,,,,,,,,
https://games.crossfit.com/athlete/112164,Daniel Lemieux,United States,Men (35-39),1496,395,,300,395,349,21:27,2:09,,,,,,,245,
https://games.crossfit.com/athlete/671975,Jordan Kerr,United States,Men,1063,500,49:31,350,540,,,2:00,,,,,,,280,0:52
https://games.crossfit.com/athlete/618084,Mitchell Wilson,New Zealand,Men,2741,,,,,,,,,,,,,,,
https://games.crossfit.com/athlete/1995710,Liam Burns,United States,Men,2182,390,,285,405,357,26:24,2:35,2:00,9:22,,,47:33,23:45,225,
https://games.crossfit.com/athlete/1494869,Ben Wieczorek,Australia,Men (35-39),1595,,,,,,,,,,,,,,,
https://games.crossfit.com/athlete/2641351,Andre Hall,United States,Men (40-44),4194,,,,,,,,,,,,,,,
https://games.crossfit.com/athlete/1071403,Cody Davison,New Zealand,Men,982,,,,,,,,,,,,,,,
https://games.crossfit.com/athlete/1111639,Thomas Jaeger,United States,Men,4221,385,45:20,265,455,,,2:59,3:00,8:16,4:44,45,,,185,0:58
https://games.crossfit.com/athlete/1789157,Jacob Boyce,United Kingdom,Men,4612,200,,140,230,,,,,,,,,19:48,116,
https://games.crossfit.com/athlete/1473727,Armand Pienaar,Namibia,Men,4498,185,,130,250,,,2:59,,,,,,,100,
https://games.crossfit.com/athlete/2093347,Ryan Mulvaney,Australia,Men,211,,,,,,,,,,,,,,,
https://games.crossfit.com/athlete/2191655,Carlos Del Arco,Spain,Men,495,,,,,,,,,,,,,,,
https://games.crossfit.com/athlete/2826846,Juan Cruz Solanes,Argentina,Men,4650,,,,,,,,,,,,,,,
https://games.crossfit.com/athlete/1535008,Jimbo Kent,United States,Men,4728,,,,,,,,,,,,,,,
https://games.crossfit.com/athlete/265064,Brandon Phillips,United States,Men (40-44),4135,405,,295,475,468,18:50,2:21,1:07,7:15,,51,,19:46,240,1:00
https://games.crossfit.com/athlete/2223865,John Daly,United Kingdom,Men (35-39),4114,,,,,,,,,,,,,,,
https://games.crossfit.com/athlete/1819868,Keith Birtch,Canada,Men,4754,,,,,,,,,,,,,,,
https://games.crossfit.com/athlete/742748,Alex Adkins,United States,Men,2853,430,60:12,285,555,,,3:01,,,,50,37:12,23:50,245,
https://games.crossfit.com/athlete/1948894,Josh Dommersnes,Australia,Men,102,,,,,,,,,,,,,,,
https://games.crossfit.com/athlete/1435018,Tomás Joaninho,Portugal,Men,727,,,,,,,,,,,,,,,
https://games.crossfit.com/athlete/2151113,Brandon Gay,United States,Men,2710,485,,300,605,,,,1:35,8:41,,51,49:39,,225,0:59
https://games.crossfit.com/athlete/2746304,Clement Catherine,France,Men,4332,,,,,,,,,,,,,,,
https://games.crossfit.com/athlete/467586,Tristan Kirchner,France,Men,3397,,,,,,,,,,,,,,,
https://games.crossfit.com/athlete/2566210,Luismel Cabrera,Venezuela,Men,2079,,,,,,,,,,,,,,,
https://games.crossfit.com/athlete/635213,Chase Coles,United Kingdom,Men (40-44),3621,201,,150,235,,,2:19,1:19,,,,,,117,
https://games.crossfit.com/athlete/894765,Charles Owings,United States,Men,2876,455,,335,525,,,,,,,,,,275,
https://games.crossfit.com/athlete/900453,Drew Laird,United States,Men,3635,365,,245,435,,,2:26,,8:11,,,,19:21,190,
https://games.crossfit.com/athlete/2679928,Jonathan Carlier,France,Men,4904,,,,,,,,,,,,,,,
https://games.crossfit.com/athlete/395332,Daniel Albaugh,United States,Men,4978,,,,,,,,,,,,,,,
https://games.crossfit.com/athlete/2617534,Lorenzo Marafante,Italy,Men,1697,180,,140,230,,,2:08,,,,72,,20:10,108,
https://games.crossfit.com/athlete/2344452,Kevin Mealey,United States,Men (35-39),3383,,,,,,,,,,,,,,,
https://games.crossfit.com/athlete/2530696,Mees Kalisvaart,Netherlands,Men,4003,,,,,,,,,,,,,,,
https://games.crossfit.com/athlete/1994479,Max Fallone,United Kingdom,Men,4387,,,,,,,,,,,,,,,
https://games.crossfit.com/athlete/883119,Do-eon Kwak,"Korea, Republic of",Men,904,375,,305,425,,,2:18,,,,,,,245,
https://games.crossfit.com/athlete/802297,Scott Lawrence,New Zealand,Men (35-39),2105,,,,,,,,,,,,,,,
https://games.crossfit.com/athlete/2221992,Callum Clyne,Australia,Men,3229,,,,,,,,,,,,,,,
https://games.crossfit.com/athlete/1910968,José Maria De Paula Júnior,Brazil,Men,280,,,,,,,,,,,,,,,
https://games.crossfit.com/athlete/2512847,Jed Murphy,Australia,Men,1565,,,,,,,,,,,,,,,
https://games.crossfit.com/athlete/747394,Maciej Kołek,Poland,Men (35-39),2579,,,,,,,,,,,,,,,
https://games.crossfit.com/athlete/425120,Benjamin Parry,Spain,Men,3403,,,,,,,,,,,,,,,
https://games.crossfit.com/athlete/1284140,Nathan Orr,Ireland,Men,3204,,,,,,,,,,,,,,,
https://games.crossfit.com/athlete/901809,Camille Dusart,France,Men,2445,165,,125,200,340,19:08,2:53,1:59,8:44,,50,,19:19,110,
https://games.crossfit.com/athlete/1772447,Jorge Fernandez,United States,Men,145,495,,365,565,,,,,,,,,,300,
https://games.crossfit.com/athlete/2290239,Scott Jackson,United Kingdom,Men,4254,160,,107,210,,,,,,,,,18:30,80,
https://games.crossfit.com/athlete/532901,Jacob Clark,United States,Men,1186,,,,,,,,,,,,,,,
https://games.crossfit.com/athlete/98710,Juan Valdez,United States,Men,1775,375,,245,445,,,,,,,,,,235,
https://games.crossfit.com/athlete/2142584,Patrick Oran,United States,Men (35-39),3975,,,,,,,,,,,,,,,
https://games.crossfit.com/athlete/1183693,Benjamin Nezmah,Austria,Men,1038,,,,,,,,,,,,,,,
https://games.crossfit.com/athlete/331020,Esteban Burgos,Chile,Men (35-39),2170,180,,135,230,,,2:42,2:14,,,,,,110,56:00
https://games.crossfit.com/athlete/885891,Zibo Yang,China,Men,3787,,,,,,,,,,,,,,,
https://games.crossfit.com/athlete/1765873,Nolan Smith,United States,Men,1361,,,,,,,,,,,,,,,
https://games.crossfit.com/athlete/1033171,C urry,Chinese Taipei,Men,4240,,,,,,,2:15,,,,,,,,
https://games.crossfit.com/athlete/2011860,Alex Phanh,United States,Men,4936,,,,,,,,,,,,,,,
https://games.crossfit.com/athlete/447228,Tanner Stahl,United States,Men,1251,440,,315,545,,,,,,,,,,255,
https://games.crossfit.com/athlete/2826261,Humberto Xavier Martínez Maldonado,Puerto Rico,Men (35-39),1896,,,,,,,,,,,,,,,
https://games.crossfit.com/athlete/381893,Peter Andersson,Sweden,Men (45-49),4149,,,,,,,,,,,,,,,
https://games.crossfit.com/athlete/10449,Glendon Bautista,United States,Men (35-39),3336,415,,305,505,408,18:48,2:11,2:31,,,100,,,245,0:57
https://games.crossfit.com/athlete/2008315,Maurice Boramet Genuhn,Thailand,Men,4385,,,,,,,,,,,,,,,
https://games.crossfit.com/athlete/2705715,Mathieu Chalvidal,France,Men,3351,,,,,,,,,,,,,,,
https://games.crossfit.com/athlete/264704,Douglas Ferreira,Brazil,Men (35-39),1799,190,,140,210,,,3:21,2:10,8:50,,28,,24:00,110,
https://games.crossfit.com/athlete/311728,Brian Yeung,United States,Men,1055,430,,305,455,,,2:33,1:47,,,,,,255,
https://games.crossfit.com/athlete/19602,Dustin Virgil,United States,Men (40-44),2419,,,,,,,,,,,,,,,
https://games.crossfit.com/athlete/2282105,Grzegorz Maraszkiewicz,Poland,Men,164,185,,150,250,,,2:16,,,,63,,,120,
https://games.crossfit.com/athlete/312973,Ragnar Ingi Klemenzson,Iceland,Men (35-39),2187,,,,,,,,,,,,,,,
https://games.crossfit.com/athlete/2784873,sajad KAMANDI,Iran,Men,2478,,,,,,,,,,,,,,,
https://games.crossfit.com/athlete/1462432,Ismael Sow,France,Men,1859,,,,,,,,,,,,,,,
https://games.crossfit.com/athlete/2178780,Jacob Stolar,United States,Men,1623,405,,275,515,,,,,,,,,20:26,205,1:05
https://games.crossfit.com/athlete/1013743,Boyan Makarenko,United States,Men (35-39),2438,,,,,,,,,,,,,,,
https://games.crossfit.com/athlete/2689179,Ryan Mickelson,United States,Men,2231,,,,,,,,,,,,,,,
https://games.crossfit.com/athlete/75499,Ryan Bender,United States,Men (35-39),4362,455,,350,605,,,2:35,,,,,,,295,
https://games.crossfit.com/athlete/426692,Giuseppe Girelli,Italy,Men (45-49),2990,176,,135,221,,,2:47,2:02,,,50,,22:00,105,1:10
https://games.crossfit.com/athlete/1705815,Brad Eccles,United Kingdom,Men,1741,,,,,,,,,,,,,,,
https://games.crossfit.com/athlete/797557,Jeffrey Wells,United States,Men,3048,,,,,,,,,,,,,,,
https://games.crossfit.com/athlete/1218984,James O'Rourke,United States,Men,662,,,,,,,,,,,,,,,
https://games.crossfit.com/athlete/978125,Jefferson Dornelas,United States,Men,2485,475,,315,505,,,,,,,,,,235,
https://games.crossfit.com/athlete/111584,Zachary Fowler,United States,Men (35-39),3771,405,,295,505,426,18:05,2:24,2:03,7:40,,50,,,220,
https://games.crossfit.com/athlete/2056929,Jordan Specht,United States,Men,3837,,,,,,,,,,,,,,,
https://games.crossfit.com/athlete/2442943,James Morgan,United States,Men,2839,,,,,,,,,,,,47:46,,,
https://games.crossfit.com/athlete/933889,Graham McColl,Australia,Men (35-39),1834,,,,,,,,,,,,,,,
https://games.crossfit.com/athlete/2474219,Peter Quittenton,United Kingdom,Men,555,,,,,,,,,,,,,,,
https://games.crossfit.com/athlete/2168655,Sean Smith,Canada,Men,4774,,,,,,,,,,,,,,,
https://games.crossfit.com/athlete/2172615,Subin Moon,"Korea, Republic of",Men,4780,415,,315,405,,,,,,,,,,255,
https://games.crossfit.com/athlete/1736292,Thomas Fages,France,Men,2059,,,,,,,,,,,,,,,
https://games.crossfit.com/athlete/897344,Tom Beyer,Germany,Men,4786,,,,,,,,,,,,,,,
https://games.crossfit.com/athlete/2694927,Javier Veliz,Argentina,Men (40-44),3316,,,,,,,,,,,,,,,
https://games.crossfit.com/athlete/673231,Sam Cowler,United Kingdom,Men,1037,180,,141,200,,,2:11,2:12,,,68,,19:30,106,0:58
https://games.crossfit.com/athlete/854614,Thomas Pantel,France,Men,3831,170,,115,230,,,4:00,2:30,,,,,,100,
https://games.crossfit.com/athlete/1230679,MinYeop Choi,"Korea, Republic of",Men,2357,,,,,,,,,,,,,,,
https://games.crossfit.com/athlete/727621,Andrew Hernandez,United States,Men,2778,425,,345,485,,,,,,,51,,,280,
https://games.crossfit.com/athlete/238112,Charlie Nelson,United States,Men (40-44),3721,,,,,,,2:39,,,,,,,,
https://games.crossfit.com/athlete/1827839,Eduards Irbe,Latvia,Men (35-39),3979,,,,,,,,,,,,,,,
https://games.crossfit.com/athlete/199822,Javier Lobera,Spain,Men (40-44),3695,,,,,,,,,,,,,,,
https://games.crossfit.com/athlete/667603,Baptiste Atcher,France,Men (35-39),479,,,,,,,,,,,,,,,
https://games.crossfit.com/athlete/1336944,Carlos Pineda,Mexico,Men,4760,425,,335,500,,,,,,,50,,25:09,245,1:15
https://games.crossfit.com/athlete/2002283,Dominik Wellenhofer,Germany,Men (35-39),1923,170,,130,190,,,,,,,25,,18:52,110,0:59
https://games.crossfit.com/athlete/682387,Ross Bradley,United States,Men (35-39),1969,,,325,520,,,,,,,,,,,
https://games.crossfit.com/athlete/2209119,Ben Firth,United Kingdom,Men (40-44),1015,180,,135,200,380,27:04,,1:58,,,,49:10,23:11,117,1:19
https://games.crossfit.com/athlete/1068230,David Cross,United States,Men,3507,435,44:04,315,475,,,,,,,,,,265,
https://games.crossfit.com/athlete/695961,Ryan Fitzpatrick,United States,Men,1030,425,,315,570,,,2:11,1:30,,,70,,19:00,255,
https://games.crossfit.com/athlete/2539464,Tsemah Amram,Israel,Men,4540,160,,130,205,,,,,,,,,19:15,95,1:01
https://games.crossfit.com/athlete/1662715,Loyld Chrysler,United States,Men (35-39),4884,,,,,,,,,,,,,,,
https://games.crossfit.com/athlete/1170434,Gabriel Renato,Brazil,Men,4314,,,,,,,,,,,,,,,
https://games.crossfit.com/athlete/2237986,Colby Lusk,United States,Men,4622,,,,,,,,,,,,,,,
https://games.crossfit.com/athlete/2217830,Hank Grenda,United States,Men,217,,,,,,,,,,,,,,,
https://games.crossfit.com/athlete/2013782,Thalison Martins,Brazil,Men,168,,,,,,,,,,,,,,,
https://games.crossfit.com/athlete/2567515,Taebeen Kim,"Korea, Republic of",Men,1324,,,,,,,,,,,,,,,
https://games.crossfit.com/athlete/417765,Cody McCullough,United States,Men,3657,,,,,,,,,,,,,,,
https://games.crossfit.com/athlete/1752980,Joaquin Dionio,United States,Men,968,,,,,,,,,,,,,,,
https://games.crossfit.com/athlete/242477,Luke Anderson,Ireland,Men,4609,160,,130,200,,23:08,2:14,1:44,7:24,,50,,,110,1:12
https://games.crossfit.com/athlete/1079534,Damian Conciatori,Canada,Men,484,100,,100,100,,,2:20,1:47,,,60,,,80,
https://games.crossfit.com/athlete/2239078,Spencer Carl,United States,Men,490,,,,,,,,,,,,,,,
https://games.crossfit.com/athlete/229590,Tony Facchini,United States,Men,2546,475,,360,511,,,,,7:30,,,,,295,
https://games.crossfit.com/athlete/1963091,Fisher Potter,United States,Men,1289,,,,,,,,,,,,,,,
https://games.crossfit.com/athlete/887852,Chris Thorne,United Kingdom,Men (35-39),1503,200,,150,250,,,,1:19,,,60,,21:59,120,
https://games.crossfit.com/athlete/2084519,Jacob Unmacht,United States,Men,4789,408,,317,500,394,,2:33,1:55,9:26,,43,,24:00,247,1:12
https://games.crossfit.com/athlete/881332,Thomas Vinas,United States,Men,1653,505,,370,575,,,,,,,,,,300,
https://games.crossfit.com/athlete/876360,Donju Ham,"Korea, Republic of",Men,2447,,,,,,,,,,,,,,,
https://games.crossfit.com/athlete/1366111,Damian Paris,Spain,Men (35-39),2307,170,,118,190,,,2:09,,,,,,,90,
https://games.crossfit.com/athlete/145761,HyeonJong Na,"Korea, Republic of",Men (35-39),976,,,,,,,,,,,,,,,
https://games.crossfit.com/athlete/341696,Charles Glorieux,Belgium,Men,1560,,,,,,,,,,,,,,,
https://games.crossfit.com/athlete/1979318,Lachlan Harris,Australia,Men,2553,,,,230,,,,,,,,,,105,
https://games.crossfit.com/athlete/2429227,Luciano Busacca,Argentina,Men,513,,,,,,,,,,,,,,,
https://games.crossfit.com/athlete/1454831,Léo ASTARIE,France,Men,952,203,,145,230,,,3:00,1:46,,,50,,,113,
https://games.crossfit.com/athlete/2140571,Nicolás Estupiñán,Colombia,Men,2093,,,,,,,,,,,,,,,
https://games.crossfit.com/athlete/1758852,Blackie chen,China,Men,2000,205,,,210,,,2:03,,,,,,,,
https://games.crossfit.com/athlete/477468,Ryan Lean,Canada,Men,3226,,,,,,,,,,,,,,,
https://games.crossfit.com/athlete/2343929,Theo Bennett-Odlum,United Kingdom,Men,4247,85,,40,75,334,,16:25,15:48,,,1,,59:59,14,60:00
https://games.crossfit.com/athlete/967296,Dimitris Papathanasiou,Greece,Men,381,,,,,,,,,,,,,,,
https://games.crossfit.com/athlete/1928933,Paweł Pokorny,Poland,Men,1077,,,,,,,,,,,,,,,
https://games.crossfit.com/athlete/69623,Zachary Seale,United States,Men (35-39),1871,325,,280,405,346,,2:48,2:15,8:06,,,,,215,0:54
https://games.crossfit.com/athlete/372615,Lorenzo Canedoli,Italy,Men,2208,185,,150,240,316,30:14,3:19,2:17,8:58,,40,,24:46,120,1:08
https://games.crossfit.com/athlete/916097,Gauthier Mares,France,Men,4255,200,,140,235,,,,1:49,,,,,20:00,110,
https://games.crossfit.com/athlete/1635930,Justin Scott,United States,Men (40-44),4892,385,,245,425,378,16:51,2:50,2:23,8:24,,,,,207,
https://games.crossfit.com/athlete/1567038,Lucas Rodrigues,Brazil,Men,1256,,,,,,,,,,,,,,,
https://games.crossfit.com/athlete/2087834,Ismael Loukili,Spain,Men,4516,,,,,,,,,,,,,,,
https://games.crossfit.com/athlete/670880,Daniel Butz,United States,Men,348,,,,,,,,,,,,,,,
https://games.crossfit.com/athlete/2098046,D.J. Kessler,United States,Men,276,,,,,,,,,,,,,,,
https://games.crossfit.com/athlete/2423549,문 카멜,"Korea, Republic of",Men,765,,,,,,,,,,,,,,,
https://games.crossfit.com/athlete/2073996,Robert Wolfington,United States,Men,1184,417,,295,500,,,2:43,1:55,7:16,,55,37:15,,225,1:11
https://games.crossfit.com/athlete/1860799,Mevlüt Agir,Turkey,Men,129,,,,,,,,,,,,,22:54,,
https://games.crossfit.com/athlete/1795930,Ojay Keen,United Kingdom,Men (35-39),462,,,,,,,,,,,,,,,
https://games.crossfit.com/athlete/2094035,Tiago Oliveira,Brazil,Men,1363,,,365,,,,2:42,,,,,,20:23,310,
https://games.crossfit.com/athlete/862151,Keith Knapp,United States,Men (35-39),1283,365,,265,470,373,,2:24,,7:15,,82,,17:55,200,0:58
https://games.crossfit.com/athlete/2126321,Grant Meyer,United States,Men,1906,415,49:02,310,515,,,3:08,1:40,8:04,,50,,,255,
https://games.crossfit.com/athlete/431232,Pedro Borges,Portugal,Men (40-44),1959,200,,135,200,,,,,,,,,,105,
https://games.crossfit.com/athlete/245529,Logan Southard,United States,Men,2736,455,,315,515,356,19:54,2:47,2:04,7:37,,50,,20:07,275,
https://games.crossfit.com/athlete/291598,Victor Glasoff,Brazil,Men (40-44),3302,172,,130,200,,,3:35,,,,,,,105,
https://games.crossfit.com/athlete/427152,Nick Flint,United Kingdom,Men (35-39),2285,,,,,,,,,,,,,,,
https://games.crossfit.com/athlete/1981275,Matthew James Barrett,South Africa,Men,4722,200,,140,210,,,2:47,2:10,,,39,,22:12,110,
https://games.crossfit.com/athlete/1998452,Jack Stephens,Australia,Men (35-39),1744,,,,,,,,,,,,,,,
https://games.crossfit.com/athlete/1224873,Fernando Calvo,Spain,Men (40-44),4186,160,,120,210,,,,2:10,,,,,21:15,95,
https://games.crossfit.com/athlete/2121649,Daseul Kim,"Korea, Republic of",Men,2731,,,,,,,,,,,,,,,
https://games.crossfit.com/athlete/1697932,Filipe Albergaria,Portugal,Men (40-44),4991,,,,,,,,,,,,,,,
https://games.crossfit.com/athlete/967052,Geon Woo Park,"Korea, Republic of",Men,3141,,,,,,,,,,,,,,,
https://games.crossfit.com/athlete/250172,Bronislaw Olenkowicz,Poland,Men (35-39),90,200,,170,222,,,2:11,1:09,,,60,,23:00,142,
https://games.crossfit.com/athlete/513257,Joseph O'Brien,United States,Men,3575,470,,345,535,,,2:20,1:19,,,50,,21:00,270,
https://games.crossfit.com/athlete/50247,Michael Paas,United States,Men (35-39),1433,415,,335,505,472,17:34,2:05,1:51,6:53,,60,,18:31,265,0:58
https://games.crossfit.com/athlete/557675,Florent Antoniol,France,Men,4048,135,,100,200,,,,3:34,,,30,,,90,
https://games.crossfit.com/athlete/887267,Morgan Vassor,France,Men,4250,,,,,,,,,,,,,,,
https://games.crossfit.com/athlete/1762608,Morteza Sedaghat,Iran,Men,52,230,,170,280,,,,1:10,1:11,,75,,22:04,137,1:04
https://games.crossfit.com/athlete/348805,Will Bennett,United States,Men,111,465,,355,465,,,2:02,1:24,,,55,,,285,
https://games.crossfit.com/athlete/843041,Nick Mathew,United States,Men,51,545,,375,605,,,,,,,,,19:20,300,0:54
https://games.crossfit.com/athlete/2230924,Ben Clifford,Australia,Men (35-39),4360,135,,105,194,,,,,,,,,,75,
https://games.crossfit.com/athlete/641476,Campbell Rice,United States,Men,961,415,,350,500,,,2:46,1:42,,,,,20:56,300,
https://games.crossfit.com/athlete/1057299,Emmett Murtagh,Ireland,Men,2075,,,,,,,,,,,,,,,
https://games.crossfit.com/athlete/2071646,Tigre Gasperi,Uruguay,Men,1714,,,,,,,,,,,,,,,
https://games.crossfit.com/athlete/1023445,Nacho Marquez,Argentina,Men,4110,,,,,,,,,,,,,,,
https://games.crossfit.com/athlete/1973036,Ryan Sansom,United States,Men,1995,445,,360,550,,,2:37,1:40,,,,,,245,
https://games.crossfit.com/athlete/1765441,Joseph Houston,United States,Men,3623,345,,255,455,,,2:59,2:50,8:40,,,37:58,,200,
https://games.crossfit.com/athlete/500217,Gabriel Roy,Canada,Men,4633,435,,315,455,,,,,,,,,23:30,290,
https://games.crossfit.com/athlete/1981556,Ben Sexton,United States,Men,143,,,,,,,,,,,,,,,
https://games.crossfit.com/athlete/2443508,Breck Ruddick,United States,Men,1951,455,48:24,315,550,,,,,,,20,35:04,25:21,225,0:56
https://games.crossfit.com/athlete/2335631,Cormack Stevens,Australia,Men,1535,,,,,,,2:26,,7:14,,,,,,
https://games.crossfit.com/athlete/1656898,Joseph Dickson,Australia,Men,2233,,,,,,,,,,,,,,,
https://games.crossfit.com/athlete/740946,Stephen Thompson,United States,Men (35-39),1787,,,,,,,,,,,,,,,
https://games.crossfit.com/athlete/1252017,Pablo Agustín Elizalde,Argentina,Men (35-39),3734,,,,,,,,,,,,,,,
https://games.crossfit.com/athlete/1873769,Mitch Harley,Australia,Men,1145,,,,,,,,,,,,,19:37,,
https://games.crossfit.com/athlete/1654515,David Halvorson,United States,Men,3008,,,,,,,,,,,,,,,
https://games.crossfit.com/athlete/91777,Zev Green,United States,Men,4518,410,,305,505,424,,2:16,1:42,7:44,,60,,22:56,270,
https://games.crossfit.com/athlete/2205488,Lee Dong chan,"Korea, Republic of",Men,1226,,,,,,,,,,,,,,,
https://games.crossfit.com/athlete/49297,Guillermo D. Torres,Ecuador,Men,520,435,,340,485,448,,2:00,1:34,,,70,,20:21,265,
https://games.crossfit.com/athlete/909343,Michael Armstrong,United Kingdom,Men,1343,200,,150,230,401,,2:21,,,,,,,110,
https://games.crossfit.com/athlete/430073,Mathieu Gomes,France,Men,1978,455,,335,500,,,1:53,,,,70,,,255,
https://games.crossfit.com/athlete/524786,Roberto Mapelli,Italy,Men (35-39),2873,,,,,,,,,,,,,,,
https://games.crossfit.com/athlete/137056,Marcus Kwak,"Korea, Republic of",Men,492,455,,155,515,,,,,,,,,,285,
https://games.crossfit.com/athlete/686756,Jaime Arratia,United States,Men,4373,385,,305,525,,23:11,3:10,1:41,,,55,,20:11,245,
https://games.crossfit.com/athlete/1467167,Hyeon min Kim,"Korea, Republic of",Men,3115,445,,,525,,,,,,,,,,,
https://games.crossfit.com/athlete/945061,Clément Touzelet,France,Men (35-39),1804,,,,,,,,,,,,,,,
https://games.crossfit.com/athlete/856568,Pierre Tondini,France,Men,1972,202,,141,240,,,2:58,,,,,,,105,
https://games.crossfit.com/athlete/28120,Philip Craig,United States,Men (40-44),4894,485,,,510,,,3:02,,,,35,,,,0:51
https://games.crossfit.com/athlete/1563150,Maximilien Tolve,France,Men (35-39),2980,,,,,,,,,,,,,,,
https://games.crossfit.com/athlete/1408061,Pietro Tarizzo,Italy,Men,2782,,,,,,,,,,,,,,,
https://games.crossfit.com/athlete/239008,Nick Earley,United States,Men,1811,,,,,,,,,,,,,,,
https://games.crossfit.com/athlete/1075244,Calvin Pollard,United States,Men,1122,425,,315,495,,,2:12,1:41,,,40,,20:30,255,
https://games.crossfit.com/athlete/1585963,Jay Brice,United States,Men,1357,,,,,,,2:52,,8:57,,,,24:03,,
https://games.crossfit.com/athlete/8043,Chase Taylor,United States,Men (35-39),4190,405,,275,500,,,,2:13,8:13,,,,19:04,225,1:07
https://games.crossfit.com/athlete/871987,Chris Dunn,United States,Men,1348,425,,330,525,,,2:01,1:32,,,,,,255,0:54
https://games.crossfit.com/athlete/639792,Sébastien Remy,France,Men (35-39),4580,160,54:06,120,238,,,3:05,3:03,,,55,,20:00,95,1:00
https://games.crossfit.com/athlete/1986035,Quinn Robinson,United States,Men,319,455,,335,455,,,,,,,,,,255,
https://games.crossfit.com/athlete/206978,Benjamin Newland,Australia,Men,3233,215,,180,320,477,,2:10,,7:20,,75,,19:21,140,57:00
https://games.crossfit.com/athlete/2141833,Tyler Maizels,United States,Men,4626,498,,352,498,,,2:21,3:06,9:36,,,41:16,23:34,280,1:21
https://games.crossfit.com/athlete/77687,Matthew Buehrle,United States,Men (40-44),3727,,,,,,,,,,,,,,,
https://games.crossfit.com/athlete/1832093,YunHo Ahn,"Korea, Republic of",Men (35-39),3650,,,,,,,2:31,,,,,,,,
https://games.crossfit.com/athlete/1811545,Eric Rosandich,United States,Men (35-39),4026,,,,,,,,,,,,,,,
https://games.crossfit.com/athlete/1323033,Brook Lawson,New Zealand,Men,4329,20,,80,99,,,10:01,30:00,1:02,,100,,10:00,50,0:40
https://games.crossfit.com/athlete/979256,Adrian Smelko,Slovakia,Men,2338,,,,,,,,,,,,,,,
https://games.crossfit.com/athlete/677889,Alban Dubois,Switzerland,Men,470,297,,209,379,,,,,,,26,,20:05,169,1:07
https://games.crossfit.com/athlete/877376,Lee Sharum,United States,Men,1177,455,,345,525,,32:32,2:13,1:52,,,83,,21:12,280,
https://games.crossfit.com/athlete/1218331,Hanwook Yi,"Korea, Republic of",Men,4358,315,,275,405,,,3:17,2:10,,,31,,,225,1:18
https://games.crossfit.com/athlete/2224966,JeongYun Kim,"Korea, Republic of",Men,505,,,,,,,,,,,,,,,
https://games.crossfit.com/athlete/1864391,James Maynard,United States,Men,3229,,,,,,,,,,,,,,,
https://games.crossfit.com/athlete/2843370,Montel Tivoli,New Zealand,Men,1686,,,,,,,,,,,,,,,
https://games.crossfit.com/athlete/1975010,Derrick Defever,United States,Men,2383,375,,295,515,,21:12,,,,,,,,225,
https://games.crossfit.com/athlete/965201,Maximiliano Rasuk,Argentina,Men,296,,,,,,,,,,,,,,,
https://games.crossfit.com/athlete/1882630,Robin Almendares,Costa Rica,Men,3377,400,,300,480,,,,,,,,,,225,
https://games.crossfit.com/athlete/220431,Felipe Delgadillo Fontao,Spain,Men (40-44),3012,,,,,,,,,,,,,,,
https://games.crossfit.com/athlete/1270129,Andy Purdy,United Kingdom,Men (40-44),4231,170,,119,200,355,,3:18,2:15,,,,,,90,
https://games.crossfit.com/athlete/790597,Lewis Smith,United Kingdom,Men (35-39),2146,168,,140,200,,,,1:48,8:50,,,,,110,
https://games.crossfit.com/athlete/1299559,Levi Campbell,United States,Men,3029,,,,,,,,,,,,,,,
https://games.crossfit.com/athlete/1324125,Alberto Atanasio,France,Men,3174,200,,130,200,,,2:16,,,,50,,,110,
https://games.crossfit.com/athlete/1211804,Philip Andreotti,United Kingdom,Men (40-44),2082,,,,,,,,,,,,,,,
https://games.crossfit.com/athlete/1456027,Kaito Uenosono,Japan,Men,1290,,,,,,,,,,,,,,,
https://games.crossfit.com/athlete/3115,Brandon Nolin,United States,Men (40-44),2726,425,77:17,341,525,455,19:53,2:36,1:43,9:57,4:11,30,47:35,23:22,280,1:14
https://games.crossfit.com/athlete/1741619,Theo Kempffer,United States,Men,647,,,,,,,,,,,,,,,
https://games.crossfit.com/athlete/1944589,Miguel Da Rocha Dias,France,Men,2119,145,,101,180,,,2:48,,,,1,,18:47,85,
https://games.crossfit.com/athlete/452478,Anton Foss,United States,Men,2789,502,,400,585,473,24:56,2:12,1:23,7:02,,60,,21:49,315,1:05
https://games.crossfit.com/athlete/469655,William Ford,United States,Men,1107,,,,,,,,,,,,,,,
https://games.crossfit.com/athlete/519271,Su Bin Kim,"Korea, Republic of",Men,805,,,,,,,,,,,,,,,
https://games.crossfit.com/athlete/877484,Fabien Habasque,France,Men (35-39),4580,,,,,,,,,,,,,,,
https://games.crossfit.com/athlete/2142351,Soufaine Mouelhi,Tunisia,Men (35-39),3866,186,,125,220,,,,2:10,,,,,,105,
https://games.crossfit.com/athlete/179291,Iker Longas,Spain,Men (40-44),1013,185,,138,230,,,2:20,,,,,,,110,
https://games.crossfit.com/athlete/1573982,Mitch Padgett,United States,Men (45-49),4702,,,,,,,,,,,,,,,
https://games.crossfit.com/athlete/1858204,Nicholas Chavis,United States,Men,2873,425,,295,475,,,2:23,,,,35,,,245,1:09
https://games.crossfit.com/athlete/1980580,Carter Pavelich,Canada,Men,3161,,,,,,,,,,,,,,,
https://games.crossfit.com/athlete/1786847,Farshid Ammarlou,Iran,Men,3865,,,,,,,,,,,,,,,
https://games.crossfit.com/athlete/2162012,Yannick Feurich,United States,Men,2287,475,,335,540,,,,,,,,,22:35,285,
https://games.crossfit.com/athlete/953592,Max Needle,United States,Men,2545,455,,335,500,,17:34,2:33,1:33,8:00,,55,,,270,
https://games.crossfit.com/athlete/104460,Justin Caron,Canada,Men (35-39),2282,1,,1,1,394,19:55,3:14,2:07,,,63,,,1,
https://games.crossfit.com/athlete/1898983,Alex Da Costa,France,Men,2775,,,,,,,,,,,,,,,
https://games.crossfit.com/athlete/1556308,Tyler Johnson,United States,Men,1345,,,,,,,2:02,,,,,33:56,,270,
https://games.crossfit.com/athlete/2071951,Jaret Stout,United States,Men,718,,,,,,,,,,,,,,,
https://games.crossfit.com/athlete/2202073,Zach Wockenfuss,United States,Men,4497,315,56:22,235,385,,,,3:53,,,21,,,185,
https://games.crossfit.com/athlete/225315,Augustin Viličnik,Croatia,Men (35-39),298,,,,,,,,,,,,,,,
https://games.crossfit.com/athlete/1899556,Maddox Metcalf,United States,Boys (16-17),1906,,,,,,,,,,,,,,,
https://games.crossfit.com/athlete/442213,Alex Rosso,United States,Men,3622,375,,315,425,443,,2:03,2:18,,,,,,230,
https://games.crossfit.com/athlete/1992053,River Moore,United States,Men,518,,,,,,,,,,,,,,,
https://games.crossfit.com/athlete/567730,Guillermo Nielli,Uruguay,Men,233,,,,,,,,,,,,,,,
https://games.crossfit.com/athlete/643311,Tremaine Jensen,New Zealand,Men,245,,,,,,,,,,,,,,,
https://games.crossfit.com/athlete/1111082,Huaqiang Chen,China,Men,3380,,,,,,,,,,,,,,,
https://games.crossfit.com/athlete/511644,Robbie Soza,United States,Men (35-39),4867,,,,,,,,,,,,,,,
https://games.crossfit.com/athlete/913233,Victor Depasse,Belgium,Men,4956,,,,,,,,,,,,,,,
https://games.crossfit.com/athlete/470597,Fellonneau Romain,France,Men,151,170,,140,,,,2:06,,,,,,,110,
https://games.crossfit.com/athlete/884836,Francesco Lo Parco,Australia,Men,3696,,,,,,,,,,,,,,,
https://games.crossfit.com/athlete/2194943,Ryan Campbell,New Zealand,Men (35-39),3798,200,,130,230,,,2:49,1:53,10:24,,40,,,105,
https://games.crossfit.com/athlete/115934,Florent Paillasson,France,Men (35-39),1818,160,,126,205,,,2:22,2:24,,,48,,,100,
https://games.crossfit.com/athlete/1380473,Pierre-Olivier Tremblay,Canada,Men,4306,385,,285,455,,,,,,,,,,240,
https://games.crossfit.com/athlete/2483136,Drewe Higgins,United Kingdom,Men,1828,150,,115,211,,,,,,,,,18:24,95,
https://games.crossfit.com/athlete/2438853,Pierrick Bogaert,Côte d'Ivoire,Men (35-39),4377,,,,,,,,,,,,,,,
https://games.crossfit.com/athlete/1774373,Luis Cuellar,Spain,Men,182,,,,,,,,,,,,,,,
https://games.crossfit.com/athlete/152608,Austin Holland,United States,Men (35-39),2038,,,,,,,,,,,,,,,
https://games.crossfit.com/athlete/13596,Robert Andrew Charlesworth,United States,Men (35-39),4567,445,,325,535,381,22:50,2:32,1:39,7:46,,51,,,250,
https://games.crossfit.com/athlete/1946005,Jonathan Junk,United States,Men,3815,425,,287,500,,,,,,,,,,235,
https://games.crossfit.com/athlete/41344,Andres Lee,Ecuador,Men (40-44),3210,435,,315,520,321,23:52,3:32,2:00,8:09,,50,,,235,
https://games.crossfit.com/athlete/1919155,Rory Foster,Ireland,Men,389,180,,140,,,,,,,,4000,,19:10,105,
https://games.crossfit.com/athlete/925198,Mike De Vito,United States,Men,3559,,,,,,,,,,,,,,,
https://games.crossfit.com/athlete/282761,Mark Campetti,United States,Men (40-44),4944,,,,,,,,,,,,,,,
https://games.crossfit.com/athlete/1829169,Hans Egelid,Norway,Men,1556,,,,,,,,,,,,,,,
https://games.crossfit.com/athlete/16459,Karl Thorpe,United Kingdom,Men (35-39),1632,180,42:37,130,210,379,18:28,2:50,1:56,8:20,3:31,46,,19:55,102,1:05
https://games.crossfit.com/athlete/1378312,Jessie Diaz,United States,Men (35-39),1928,435,,324,470,,,2:08,1:20,,,41,,22:35,265,
https://games.crossfit.com/athlete/1712364,Caden Poulin,United States,Men,2843,,,,,,,,,,,,,,,
https://games.crossfit.com/athlete/297397,Majid Al Sharaf,Bahrain,Men,3680,,,,,,,,,,,,,,,
https://games.crossfit.com/athlete/2073681,Chance Willard,United States,Men,3607,405,,315,500,,,,,,,,,,235,
https://games.crossfit.com/athlete/299071,Joshua Murray,New Zealand,Men,3272,160,,127,185,,,2:38,2:05,,,61,,4:00,105,
https://games.crossfit.com/athlete/2275014,Dirk Raveling,Germany,Men,4443,,,,,,,,,,,,,,,
https://games.crossfit.com/athlete/38402,David Blake Sewell,United States,Men (35-39),2340,450,,335,605,496,14:30,2:16,1:20,7:18,,61,,20:48,275,1:00
https://games.crossfit.com/athlete/2197672,Thomas Hooker,China,Men,4721,345,,255,445,,,,,,,,55:00,20:00,210,
https://games.crossfit.com/athlete/784193,Cullen Bland,United States,Men,2273,405,,350,535,,,2:14,,,,70,,21:58,280,
https://games.crossfit.com/athlete/1310570,Edson Carvalho,Brazil,Men (35-39),4680,,,,,,,,,,,,,,,
https://games.crossfit.com/athlete/15858,Andrew Cifelli,United States,Men (35-39),1527,435,,297,505,404,17:59,2:29,1:54,7:15,,55,,21:17,240,1:05
https://games.crossfit.com/athlete/1947608,Teruaki Maruyama,Japan,Men,2627,,,,,,,,,,,,,,,
https://games.crossfit.com/athlete/2593596,Kayne Williams,United States,Men,3267,415,,285,463,,,,,,,,59:40,,220,
https://games.crossfit.com/athlete/720944,Dalton McKenzie,United States,Men,1126,450,80:55,305,455,,,,,,,40,49:00,18:18,270,
https://games.crossfit.com/athlete/1119644,Chase Campbell,United States,Men,2833,,,360,535,404,,,,,,,,,290,
https://games.crossfit.com/athlete/2594334,Junho Lee,"Korea, Republic of",Men,3803,,,,,,,,,,,,,,,
https://games.crossfit.com/athlete/1209114,Jordi Garreta Gonzalez,Spain,Men,4412,140,,80,205,,,,,,,,,,65,
https://games.crossfit.com/athlete/806840,Alex Bedard Soulban,Canada,Men (35-39),2465,,,,,,,,,,,,,,,
https://games.crossfit.com/athlete/1351563,Federico Marra,Italy,Men,815,,,,,,,,,,,,,,,
https://games.crossfit.com/athlete/2364491,Brock Kirby,United States,Men,4487,,,235,430,,,,,,,,,23:19,175,
https://games.crossfit.com/athlete/1431522,Christopher Didyoung,United States,Men (35-39),3451,435,,307,565,,,2:02,1:28,7:56,,60,,,250,0:58
https://games.crossfit.com/athlete/1659466,Joey Denison,United States,Men,485,,,,,,,,,,,,,,,
https://games.crossfit.com/athlete/19962,David Syvertsen,United States,Men (35-39),1409,,,,,,,,,,,,,,,
https://games.crossfit.com/athlete/623085,Steve Cook,United States,Men (40-44),4678,,,,,,,,,,,,,,,
https://games.crossfit.com/athlete/1657300,Fabian Beneito,Spain,Men,79,,,,,,,,,,,,,,,
https://games.crossfit.com/athlete/2174387,James McSorley,Ireland,Men,2134,,,,,,,,,,,,,,,
https://games.crossfit.com/athlete/1039171,Karl Hayes,United States,Men (35-39),4280,400,,275,495,,,2:46,1:45,,,55,,17:29,207,0:50
https://games.crossfit.com/athlete/92614,Paul Botha,South Africa,Men,2530,180,,135,250,325,,2:34,,,,40,,22:59,102,
https://games.crossfit.com/athlete/2848408,Gunnar Malmquist Þórsson,Iceland,Men,3154,,,,,,,,,,,,,,,
https://games.crossfit.com/athlete/461407,Wojciech Sulima,Poland,Men (35-39),2437,,,,,,,,,,,,,,,
https://games.crossfit.com/athlete/234646,Jon Ormaza,Australia,Men (35-39),3812,165,,125,185,360,,2:34,2:10,8:04,,45,,23:00,105,1:10
https://games.crossfit.com/athlete/1526769,Fredrik Lindström,Sweden,Men,205,,,,,,,,,,,,,,,
https://games.crossfit.com/athlete/489763,Ivan Gaitan,Argentina,Men (35-39),1218,210,,150,270,,,,,,,,,,120,
https://games.crossfit.com/athlete/1727456,Josue Ramirez,Ecuador,Men,1680,395,,285,500,,,,,,,,,,220,
https://games.crossfit.com/athlete/2483876,Ricardo Bernardi,Brazil,Men (35-39),2562,,,,,,,,,,,,,,,
https://games.crossfit.com/athlete/635373,Thomas Wilson,United Kingdom,Men,1703,,,,,,,,,,,,,,,
https://games.crossfit.com/athlete/100760,Zachary Thew,United States,Men (35-39),2602,385,,275,500,401,,2:06,1:47,7:20,,64,,,235,
https://games.crossfit.com/athlete/1861531,Rogelio De Jesus Garcia Medel,Mexico,Men (35-39),2877,,,,,,,,,,,,,,,
https://games.crossfit.com/athlete/1883482,Leo Raimbault,France,Men,3882,140,,115,160,,,,,,,,,,88,
https://games.crossfit.com/athlete/2379541,Samuel Sullivan,United States,Boys (16-17),3914,,,,,,,,,,,,,,,
https://games.crossfit.com/athlete/2452393,Reed Surrena,United States,Men,1518,,,,,,,,,,,,,,,
https://games.crossfit.com/athlete/1958780,Alejandro Sánchez,Spain,Men (45-49),3459,170,,120,185,,,3:38,3:10,10:13,,65,,18:00,100,
https://games.crossfit.com/athlete/2216938,Ben Smithers,Canada,Men,3981,325,,265,405,,,,,,,,,20:43,205,
https://games.crossfit.com/athlete/784462,Soriyactra Suong,France,Men (35-39),4735,145,,93,167,,,3:59,,,,15,,24:18,70,
https://games.crossfit.com/athlete/755150,Nathan Steele,United States,Men,1826,315,,247,405,414,19:31,2:42,2:07,6:55,,,,,185,
https://games.crossfit.com/athlete/1445407,Joshua Atkin,United Kingdom,Men,3747,215,,142,232,,,4:14,3:08,8:56,,,,,112,
https://games.crossfit.com/athlete/1414261,Rafa Rocu,Spain,Men,172,170,,135,210,,,2:44,,,,,,,110,
https://games.crossfit.com/athlete/1376060,Kyle Jamar,United States,Men,3800,325,,245,445,,,3:35,,,,,,,205,
https://games.crossfit.com/athlete/1839314,Ginam Kim,"Korea, Republic of",Men,1645,,,,,,,,,,,,,,,
https://games.crossfit.com/athlete/326374,Jonas Reichert,Germany,Men,2697,10,,,,,,,,,,,,,,
https://games.crossfit.com/athlete/350525,Murat Guneli,Turkey,Men (35-39),4831,,,,,,,,,,,,,,,
https://games.crossfit.com/athlete/920765,Mack Rice,United States,Men,1674,,,,,,,,,,,,,,,
https://games.crossfit.com/athlete/2203892,George Bretherton,United Kingdom,Men,1793,200,,145,260,,,2:59,,,,,,21:40,105,
https://games.crossfit.com/athlete/2148554,Noah Prince,United States,Men,4557,,,,,,,,,,,,,,,
https://games.crossfit.com/athlete/917304,Jonathan Wagner,Switzerland,Men,3370,152,,127,190,383,,2:58,1:49,7:48,,50,,,103,
https://games.crossfit.com/athlete/623606,Sam Long,United Kingdom,Men,1662,,,,,,,,,,,,,,,
https://games.crossfit.com/athlete/2343250,Josef Vlach,Czech Republic,Men,3123,,,,,,,,,,,,,,,
https://games.crossfit.com/athlete/126243,Eric Bruni,France,Men (35-39),3836,,,,,,,,,,,,,,,
https://games.crossfit.com/athlete/1898648,Leo Willmann,France,Men,4014,,,,,,,,,,,,,,,
https://games.crossfit.com/athlete/1948938,Amfry Sanchez Buazier,Dominican Republic,Men,4772,380,53:00,265,425,,,,3:00,8:30,,45,,20:30,205,1:00
https://games.crossfit.com/athlete/1341412,Joel Forsyth,Canada,Men,2828,,,,,,,,,,,,,,,
https://games.crossfit.com/athlete/844583,Max Sutokskiy,United States,Men (35-39),4088,,,,,,,,,,,,,,,
https://games.crossfit.com/athlete/1436039,Caio Nascimento,Brazil,Men,560,,,,,,,,,,,,,,,
https://games.crossfit.com/athlete/1397921,Bastien Dura,France,Men,3045,,,,,,,,,,,,,,,
https://games.crossfit.com/athlete/1430904,Mario Marchante,Spain,Men (35-39),2644,,,,,,,,,,,,,,,
https://games.crossfit.com/athlete/563087,Ruan Conradie,South Africa,Men,4682,200,,155,245,425,,2:33,1:28,,,50,,,130,
https://games.crossfit.com/athlete/164390,Alexandre Jolivet,France,Men (45-49),947,505,,330,575,430,,2:00,,,,50,,20:00,272,0:58
https://games.crossfit.com/athlete/407580,Cameron Randall,United States,Men,984,390,,306,500,,,2:36,,,,50,,,255,1:12
https://games.crossfit.com/athlete/76512,Ariel Fernandez,United States,Men (35-39),1566,,,,,,,,,,,,,,,
https://games.crossfit.com/athlete/120217,Aurelien Gros,France,Men (35-39),1490,150,,125,180,,,2:43,1:39,,,52,,24:30,105,
https://games.crossfit.com/athlete/240351,Rafal Gil,Poland,Men (35-39),1155,,,,,,,,,,,,,,,
https://games.crossfit.com/athlete/1534380,Leonardo Francesco Russello,Italy,Men,222,,,,,,,,,,,,,,,
https://games.crossfit.com/athlete/1310543,Joaquin Martinez,Argentina,Men,3677,,,,,,,,,,,,,,,
https://games.crossfit.com/athlete/1632317,Andre Marques,Portugal,Men,3763,150,,100,183,,,2:58,,,,,,,80,
https://games.crossfit.com/athlete/2198392,Robin Potier,France,Men,1083,,,,,,,,,,,,,,,
https://games.crossfit.com/athlete/473147,Joel Sandqvist,Sweden,Men,3566,,,,,,,,,,,,,,,
https://games.crossfit.com/athlete/602783,Brady Manning,United States,Men,2395,395,,,,,,,,,,,,,,
https://games.crossfit.com/athlete/863240,Jamie Preece,South Africa,Men,4663,,,,,,,,,,,,,,,
https://games.crossfit.com/athlete/983680,George Rhigas,Australia,Men,104,,,,,,,,,,,,,,,
https://games.crossfit.com/athlete/2831487,Daniel Gonzalez,United States,Men,4215,,,,,,,,,,,,,,,
https://games.crossfit.com/athlete/215686,Victor Grousset,France,Men,861,,,,,,,,,,,,,,,
https://games.crossfit.com/athlete/102763,Willy Fernandez,United States,Men (35-39),3645,,,,,,,,,,,,,,,
https://games.crossfit.com/athlete/1739367,Josh Felix,United States,Men,115,,,,,,,,,,,,,,,
https://games.crossfit.com/athlete/941539,Matt Brady,Canada,Men,655,455,,340,520,,,2:43,,,,,,20:14,290,0:54
https://games.crossfit.com/athlete/755342,Zachery Buntin,United States,Men,73,,,,,,,,,,,,,,,
https://games.crossfit.com/athlete/1757338,Joseph Keyson,United States,Men,2335,375,,285,365,,,,,,,20,,20:30,220,
https://games.crossfit.com/athlete/1613586,Viktor Ólafsson,Iceland,Men,1533,200,,155,270,,,2:13,,,,,,,125,
https://games.crossfit.com/athlete/10169,Austin Malleolo,United States,Men (35-39),2574,450,49:00,325,600,470,14:05,2:11,1:47,6:56,2:43,65,,20:21,255,0:59
https://games.crossfit.com/athlete/1977650,Joseph D,United States,Men,1381,,,,,,,,,,,,,,,
https://games.crossfit.com/athlete/1539094,Carl Wagner III,United States,Men,4873,,,,,,,,,,,,,,,
https://games.crossfit.com/athlete/873586,Tristan McCorry,Ireland,Men (35-39),4770,162,,120,205,,,2:43,2:44,,,24,,,100,1:20
https://games.crossfit.com/athlete/2715084,Thibaut La Porta,France,Men,3780,150,,120,195,,,3:05,2:40,,,25,42:50,20:00,95,1:05
https://games.crossfit.com/athlete/886469,Jack Facer,New Zealand,Men,1547,,,,,,,,,,,,,,,
https://games.crossfit.com/athlete/1759015,Rodrigo Candeias,Portugal,Men,1891,160,,131,205,,,2:38,,,,61,,,105,
https://games.crossfit.com/athlete/500505,Michael Senti,Switzerland,Men (35-39),883,,,,,,,,,,,,,,,
https://games.crossfit.com/athlete/1872280,Ryley Humrighouse,United States,Men,130,465,,315,525,,,2:12,,,,,,,265,
https://games.crossfit.com/athlete/660039,Thierry Martel,Samoa,Men,2576,210,,155,260,1,10000:00,2:25,1:44,10000:00,,1,,10000:00,131,1:00
https://games.crossfit.com/athlete/472545,Christian Hartmann,Sweden,Men,159,175,,140,202,,,,,,,,,,115,
https://games.crossfit.com/athlete/1901194,Malcolm Bernard,France,Men,4759,,,,,,,,,,,,50:04,,,
https://games.crossfit.com/athlete/302396,Jason Ramos,United States,Men (40-44),2935,410,,325,500,,,2:10,1:13,,,52,,,267,1:10
https://games.crossfit.com/athlete/158916,Sebastián Lobo,Mexico,Men (35-39),4947,375,,310,465,,,2:13,,,,65,,19:50,235,1:10
https://games.crossfit.com/athlete/885150,Dallin Arnott,Canada,Men,2184,435,,285,485,,,3:11,,,,,,,215,
https://games.crossfit.com/athlete/903730,Roberto Garcia,Spain,Men,3409,170,,130,200,,,2:50,2:30,,,40,,,105,
https://games.crossfit.com/athlete/256715,Byron Jarrin,United States,Men (45-49),4806,403,,301,440,380,,2:26,1:54,,,54,,22:00,258,
https://games.crossfit.com/athlete/1864404,George Rimmer,United Kingdom,Men,1806,,,,,,,,,,,,,,,
https://games.crossfit.com/athlete/38261,Brad Bacon,Australia,Men (40-44),4273,205,,160,255,,,2:14,1:45,7:26,,60,,20:38,125,0:55
https://games.crossfit.com/athlete/470356,Emmanuel Bautista,Mexico,Men,4368,425,,295,490,,,2:43,2:53,,,40,,21:55,240,
https://games.crossfit.com/athlete/2333673,Alexandre Richard,France,Men,4015,160,,107,210,,,,,8:14,,60,37:40,16:28,85,
https://games.crossfit.com/athlete/1252489,Eder Rosa,Brazil,Men,3939,,,,,,,,,,,,,,,
https://games.crossfit.com/athlete/886686,Logan Jenkins,United States,Men,962,475,,315,600,489,,2:13,2:11,7:30,,61,,,260,1:05
https://games.crossfit.com/athlete/2170977,Mark Pace,Australia,Men,3462,,,,,,,,,,,,,,,
https://games.crossfit.com/athlete/222820,Gavin Birkett,United Kingdom,Men (35-39),3691,,,,,,,,,,,,,,,
https://games.crossfit.com/athlete/1609317,Tyler Grant,United States,Men,4310,,,,,,,,,,,,,,,
https://games.crossfit.com/athlete/785135,Dominic Catanzarite,United States,Men (35-39),960,,,,,,,,,,,,,,,
https://games.crossfit.com/athlete/2170125,Ventura Sarasa Laborda,Spain,Men,2588,,,,,,,,,,,,,,,
https://games.crossfit.com/athlete/969342,Benjamin Pantzlaff,United States,Men (35-39),3863,,,,,,,,,,,,,,,
https://games.crossfit.com/athlete/2164525,Alexis Girardet,France,Men,3967,,,,,,,,,,,,,,,
https://games.crossfit.com/athlete/1761777,Blake Hart,Australia,Men,1960,,,,,,,,,,,,,,,
https://games.crossfit.com/athlete/1609275,Ryan Brown,United States,Men,1004,,,,,,,,,,,,,,,
https://games.crossfit.com/athlete/2062610,Tyrel Brunson,United States,Men,521,490,,335,545,,,2:57,2:20,,,35,,20:28,250,1:00
https://games.crossfit.com/athlete/698473,Teddy McClelland,United States,Men,592,425,53:24,325,545,,21:08,2:17,1:42,7:35,,,,,265,
https://games.crossfit.com/athlete/2810516,Jorge Elias,Portugal,Men,1905,,,,,,,,,,,,,,,
https://games.crossfit.com/athlete/2207373,Jordon Smith,Australia,Men,3028,165,,100,200,305,,3:25,3:39,9:21,,,,20:35,90,
https://games.crossfit.com/athlete/700628,Brett Dykstra,Canada,Men,3846,425,,310,530,,,,,,,,,20:04,260,
https://games.crossfit.com/athlete/2584634,Sehyong Oh,"Korea, Republic of",Men,4116,395,25:35,295,,,,2:42,,,,,,,,0:55
https://games.crossfit.com/athlete/2091326,Ian Bordas,United States,Men,4542,,,,,,,,,,,,,,,
https://games.crossfit.com/athlete/2600122,Kye Dalzell,Australia,Men,4734,,,,,,,,,,,,,,,
https://games.crossfit.com/athlete/245978,Manuel Francisco Castro Ramirez,Chile,Men,4950,,,,,,,,,,,,,,,
https://games.crossfit.com/athlete/91702,Logan Blackwell,United States,Men (35-39),2863,,,,,,,,,,,,,,,
https://games.crossfit.com/athlete/2706979,James Mcclure,Ireland,Men,3433,160,,111,201,,,,,,,,,19:55,95,0:54
https://games.crossfit.com/athlete/1218514,Frantz Petitpapa,United States,Men,3891,432,,340,545,,,2:05,,,,50,,29:11,250,
https://games.crossfit.com/athlete/2704636,Leandro Gutiérrez,Venezuela,Men,4001,200,,140,230,,,,,,,,,,,
https://games.crossfit.com/athlete/2124500,Saul Brown,Canada,Men,2605,435,,295,465,,,,,,,,,22:00,220,
https://games.crossfit.com/athlete/649109,John Andrew,New Zealand,Men (35-39),2212,,,,,,,,,,,,,,,
https://games.crossfit.com/athlete/1109344,Levi Bailey,United States,Men,4417,,,255,,,27:52,2:52,,10:03,,50,,,190,
https://games.crossfit.com/athlete/25569,Kyle Kasperbauer,United States,Men (40-44),1044,515,,345,515,,,2:04,1:08,6:13,,71,,18:52,285,0:51
https://games.crossfit.com/athlete/1561078,Timothy Scheftic,United States,Men,3357,,,,,,,,,,,,,,,
https://games.crossfit.com/athlete/744030,Félix-Antoine Lemay,Canada,Men,329,390,,300,445,,,,3:08,,,,,22:42,225,
https://games.crossfit.com/athlete/575049,Marshall Hawkins,United States,Men,1222,315,53:41,,400,413,,3:25,2:15,,,,,,,
https://games.crossfit.com/athlete/2397378,Carlo Alexander,South Africa,Men,2981,200,,130,240,,,,,8:34,,,,,120,
https://games.crossfit.com/athlete/910868,Fabien Soldati,France,Men,2581,,,,,,,,,,,,,,110,
https://games.crossfit.com/athlete/1966813,Hossein Karami,Iran,Men (40-44),4312,,,,,,,,,,,,,,,
https://games.crossfit.com/athlete/2846,Eric Kolarick,United States,Men (40-44),4404,,,,,,,,,,,,,,,
https://games.crossfit.com/athlete/780386,David Vanhamme,France,Men,581,,,,,,,,,,,,,,,
https://games.crossfit.com/athlete/1238840,Noah Verdy,France,Men,1707,,,,,,,,,,,,,,,
https://games.crossfit.com/athlete/224349,Ben Wise,United States,Men,975,425,,322,525,,,2:22,1:37,7:23,,55,,17:40,255,0:53
https://games.crossfit.com/athlete/2260540,Julien Kaiser,Switzerland,Men,2108,,,,,,,,,,,,,,,
https://games.crossfit.com/athlete/9876,Clint Russell,United States,Men (40-44),1614,355,,,475,,,2:24,2:03,7:09,,64,,,205,
https://games.crossfit.com/athlete/375595,Isaac McLean,Canada,Men,2867,,,,,,,,,,,,,,,
https://games.crossfit.com/athlete/903804,Javier Arencibia,United States,Men,98,435,,345,525,,,2:08,,,,61,,,270,1:00
https://games.crossfit.com/athlete/1305814,Ari Ngati,Australia,Men,2247,,,,,,,,,,,,,,,
https://games.crossfit.com/athlete/1740442,Romain Vacca,Australia,Men,2274,,,,,,,,,,,,,,,
https://games.crossfit.com/athlete/106331,Michael Cox,United States,Men (45-49),4635,425,,315,585,,,2:32,1:51,7:54,,,38:19,,225,0:56
https://games.crossfit.com/athlete/2057231,Jeongtaek Cho,"Korea, Republic of",Men,806,,,,,,,,,,,,,,,
https://games.crossfit.com/athlete/781468,Michael Williamson,United Kingdom,Men (40-44),4031,,,,,,,,,,,,,,,
https://games.crossfit.com/athlete/2105675,Jordan Senecaille,France,Men,3222,,,,,,,,,,,,,,,
https://games.crossfit.com/athlete/203021,Matt Provost,Canada,Men,2607,405,,285,455,,,2:27,,,,50,,,225,
https://games.crossfit.com/athlete/1329132,Bruno Magalhães,Brazil,Men,2473,,,,,,,,,,,,,,,
https://games.crossfit.com/athlete/1801905,Jack Downing,United States,Men,2932,405,,325,504,,,2:06,1:46,,,,,,240,
https://games.crossfit.com/athlete/2566055,Alberto Meza,Colombia,Men,4347,,,,,,,,,,,,,,,
https://games.crossfit.com/athlete/2590378,Pedro Murilo de Souza,Brazil,Men,4445,215,49:15,140,200,,,,,,,,48:34,24:30,115,
https://games.crossfit.com/athlete/1985420,Will Lohman,United States,Men,4634,,,,,,,,,,,,,,,
https://games.crossfit.com/athlete/335435,Tyler Tosunian,United States,Men,325,,,,,,,,,,,,,,,
https://games.crossfit.com/athlete/449012,Romain Scalzo,France,Men (35-39),886,130,,103,170,,,,,,,,,,75,
https://games.crossfit.com/athlete/2210381,Paolo Riccardi,Italy,Men,4378,150,,90,160,,,,,,,30,,,65,
https://games.crossfit.com/athlete/1279887,Thibault Python,Switzerland,Men,2147,205,,150,240,,,2:49,2:36,,,,,,117,
https://games.crossfit.com/athlete/1411073,Cristobal Ismael,Chile,Men,522,185,,143,220,,,2:10,,,,50,,20:00,111,1:02
https://games.crossfit.com/athlete/1243727,Tristan Meredith,United States,Men,801,,,,,,,,,,,,,,,
https://games.crossfit.com/athlete/1617517,Keagan Lazarus,South Africa,Men,2482,,,,,,,,,,,,,,,
https://games.crossfit.com/athlete/80310,Luis Perez,Mexico,Men (35-39),1311,405,,315,500,,,2:26,1:40,,,70,,17:25,245,
https://games.crossfit.com/athlete/492668,Dennis Hutchings,United States,Men (35-39),2622,465,,325,490,,,2:52,1:32,,,61,,21:23,270,0:52
https://games.crossfit.com/athlete/2205899,Max Voelkel,United States,Men,1320,405,49:29,290,545,,,,,,,,39:59,,260,
https://games.crossfit.com/athlete/11303,Ken Battiston,United States,Men (35-39),4140,530,,392,600,404,20:44,2:15,1:31,,,50,,23:00,315,
https://games.crossfit.com/athlete/259119,Travis Heidt,United States,Men (35-39),2439,450,,295,505,,18:35,2:30,1:56,,,48,,22:00,230,1:02
https://games.crossfit.com/athlete/2124516,Yuvraj Gill,Canada,Men,4667,,,,,,,,,,,,,,,
https://games.crossfit.com/athlete/689843,General Hwang,"Korea, Republic of",Men (35-39),2650,,,,,,,,,,,,,,,
https://games.crossfit.com/athlete/2083833,Daniel Zachaževski,Lithuania,Men,2033,,,,,,,,,,,,,,,
https://games.crossfit.com/athlete/101748,Petter Maansson,Sweden,Men (35-39),1229,150,,130,205,,,3:27,,,,32,,19:51,105,
https://games.crossfit.com/athlete/869061,Leonel Franco,United States,Men,251,450,,370,510,,,1:59,,,,,,,295,0:57
https://games.crossfit.com/athlete/119313,Erik Toth,Slovakia,Men (35-39),1234,450,39:30,315,450,,14:51,2:09,1:30,,,50,,19:43,245,1:01
https://games.crossfit.com/athlete/140520,Johnnie Chiapperino,United States,Men,4773,475,,285,515,2555,,2:20,,8:15,,40,,,,3265:00
https://games.crossfit.com/athlete/1114159,Adam Kaczmarek,Poland,Men,1146,,,,,,,,,,,,,,,
https://games.crossfit.com/athlete/1754519,Sergi Notario,Spain,Men,1023,,,,,,,,,,,,,,,
https://games.crossfit.com/athlete/1043467,Park Sunghoon,"Korea, Republic of",Men,1224,,,,,,,,,,,,,,,
https://games.crossfit.com/athlete/1926855,Tyler Etheridge,United States,Men,674,525,39:00,365,545,445,,2:10,1:45,7:30,,80,,19:45,265,0:58
https://games.crossfit.com/athlete/1854169,Luis Naranjo,Venezuela,Men,4328,,,,,,,,,,,,,,,
https://games.crossfit.com/athlete/1426343,Alessio Amatuzzo,Italy,Men,4988,,,,,,,,,,,,,,,
https://games.crossfit.com/athlete/707901,Nathaniel Smiler,New Zealand,Men,3305,180,,140,210,,,2:26,,,,,,,115,
https://games.crossfit.com/athlete/1589651,Caue Raminelli,Brazil,Men (35-39),3515,210,,150,230,,,2:53,,,,45,,19:49,120,1:31
https://games.crossfit.com/athlete/1286014,Jacque Gericke,South Africa,Men,3930,,,,,,,,,,,,,,,
https://games.crossfit.com/athlete/319546,Matthew Lynch,United States,Men (35-39),3631,,,,,,,,,,,,,,,
https://games.crossfit.com/athlete/209828,Kyle Cant,Canada,Men (35-39),157,,,,,,,,,,,,,,,
https://games.crossfit.com/athlete/1401119,Colton Adams,United States,Men,4057,435,,310,485,,,2:10,,,,,,21:00,255,0:59
https://games.crossfit.com/athlete/481856,Nelson Samson,Canada,Men (35-39),4563,,,,,,,,,,,,,,,
https://games.crossfit.com/athlete/1094620,Ryan Gallo,United States,Men,901,,,,,,,,,,,,,,,
https://games.crossfit.com/athlete/1610281,Colton Schriver,United States,Men,3149,370,,275,450,,,,,,,,,22:27,205,1:10
https://games.crossfit.com/athlete/91067,Nick Rees,United States,Men (35-39),1824,430,61:44,325,525,370,19:31,2:21,1:09,7:56,,40,,21:07,280,
https://games.crossfit.com/athlete/185005,Scott Maynard,United Kingdom,Men,1678,171,,140,181,,,2:12,,7:56,,56,,,102,
https://games.crossfit.com/athlete/1973911,Michael Braman,United States,Men,2687,360,,225,405,381,,2:35,,,,,,17:51,200,
https://games.crossfit.com/athlete/1204686,Gabriel Alencar,Brazil,Men,3952,,,,,,,,,,,,,,,
https://games.crossfit.com/athlete/1693941,Korie Wood,Australia,Men (35-39),4046,215,,155,235,,,2:19,1:28,,,,,19:50,117,1:05
https://games.crossfit.com/athlete/334171,Tiago Garrido,Portugal,Men (35-39),2672,158,,121,190,,,2:57,,,,,,20:23,97,
https://games.crossfit.com/athlete/1582173,Kolby Felts,United States,Men,3196,360,,260,400,,,2:16,2:50,,,,,,185,
https://games.crossfit.com/athlete/690211,Nikos Fotou,United Kingdom,Men (35-39),4071,,,,,,,,,,,,,,,
https://games.crossfit.com/athlete/291019,Ted Starkweather,United States,Men,1103,,,,,,,,,,,,,,,
https://games.crossfit.com/athlete/891333,Alexandre Gallant,Canada,Men,1191,,,,,,,,,,,,,,,
https://games.crossfit.com/athlete/2775564,Kacper Sałek,Poland,Men,1597,,,,,,,,,,,,,,,
https://games.crossfit.com/athlete/1792377,Antoine Duplat,France,Men,3236,,,,,,,,,,,,,,,
https://games.crossfit.com/athlete/2175790,Lorenzo Ursini,Italy,Boys (16-17),4447,,,,,,,,,,,,,,,
https://games.crossfit.com/athlete/2160781,Dong Seop Kim,"Korea, Republic of",Men,4442,,,225,,,,2:40,3:12,,,60,44:15,,200,
https://games.crossfit.com/athlete/443273,Dorian Memko,Italy,Men (35-39),517,170,,135,200,,,2:28,2:00,,,70,,19:40,105,
https://games.crossfit.com/athlete/1047856,Guillaume Jeandeville,France,Men (40-44),4891,,,,,,,,,,,,,,,
https://games.crossfit.com/athlete/1805752,Zachery Burns,United States,Men (35-39),4292,365,,285,450,,,2:53,,,,45,,,230,
https://games.crossfit.com/athlete/1981831,Luke Reece Meyer,South Africa,Men (35-39),4210,205,45:00,132,220,,,2:41,2:00,,,,56:00,22:30,110,
https://games.crossfit.com/athlete/877922,Tomas Sarmiento,Argentina,Men,1315,,,,,,,,,,,,,,,
https://games.crossfit.com/athlete/2358569,Tyler Balega,United States,Men,1981,440,,315,495,,,2:17,1:46,,,35,,22:52,260,
https://games.crossfit.com/athlete/282538,Isaac Cey,United States,Men,1494,475,,340,525,,,2:04,,,,54,,,265,
https://games.crossfit.com/athlete/2280954,Jay Noble,Australia,Men (40-44),4420,,,,,,,,,,,,,,,
https://games.crossfit.com/athlete/2505796,Axel Conill,France,Men,2811,155,,120,190,,,,,,,,,,90,
https://games.crossfit.com/athlete/254000,Cheng Cai,"Hong Kong, China",Men (35-39),4423,405,67:00,295,450,,,3:03,2:12,,,,,20:14,225,1:07
