profile_url,name,country,gender,backsquat,cleanandjerk,deadlift,grace,snatch,fran,maxpull-ups,fightgonebad,filthy50,helen,run5k,chad1000x,sprint400m,l1benchmark,murph,run400m
https://games.crossfit.com/athlete/1998420,Jordan Wilson,Australia,Men,220,170,250,1:54,,,,,,,,,,,,
https://games.crossfit.com/athlete/937356,Jeremy Morgenbesser,United States,Men,,,,,,,,,,,,,,,,
https://games.crossfit.com/athlete/890891,Niko Laakkonen,Finland,Men (35-39),180,130,200,,100,,,,,,,,,,,
https://games.crossfit.com/athlete/1956709,Marlo Prinsloo,South Africa,Men,,,,,,,,,,,,,,,,
https://games.crossfit.com/athlete/908556,Jack Turner,United Kingdom,Men,215,150,250,,130,2:02,,,,,,,,,,
https://games.crossfit.com/athlete/508647,Ivan Verdun,Argentina,Men (35-39),,,,,,,,,,,,,,,,
https://games.crossfit.com/athlete/2054602,Cameron Hutchins,Australia,Men,,,,,,,,,,,,,,,,
https://games.crossfit.com/athlete/697475,John Wood,United States,Men,475,385,575,,300,,70,,,,,,,,,
https://games.crossfit.com/athlete/86677,Will Kane,United Kingdom,Men (35-39),,148,,1:26,115,1:59,,411,17:17,7:57,17:32,,,,,
https://games.crossfit.com/athlete/443273,Dorian Memko,Italy,Men (35-39),170,135,200,2:00,105,2:28,70,,,,19:40,,,,,
https://games.crossfit.com/athlete/2139572,Edoardo Lazzari,Italy,Men,175,125,222,,,,,,,,,64:02,,,,
https://games.crossfit.com/athlete/1648337,Eric Pedrosa,Spain,Men (35-39),,,,,,,,,,,,,,,,
https://games.crossfit.com/athlete/2429227,Luciano Busacca,Argentina,Men,,,,,,,,,,,,,,,,
https://games.crossfit.com/athlete/2164108,Tardif Thomas,France,Men,,,,,,,,,,,,,,,,
https://games.crossfit.com/athlete/422010,Terry Kang,"Korea, Republic of",Men,,,,,,,,,,,,,,,,
https://games.crossfit.com/athlete/2434773,Anthony Ruegg,United States,Men,,,,,,,,,,,,,,,,
https://games.crossfit.com/athlete/896059,Yu-sen Zhu,Chinese Taipei,Men,,,,,,,,,,,,,,,,
https://games.crossfit.com/athlete/1612464,Samuel Woodhead,United Kingdom,Men,,,,,,,,,,,,,,,,
https://games.crossfit.com/athlete/89671,Jaime Bigornia,Philippines,Men,462,330,505,,235,1:57,,,,,,,1:12,,,
https://games.crossfit.com/athlete/1022412,Kyle Moline,United States,Men,415,315,485,1:59,245,,30,344,,9:04,20:19,,,3:33,,
https://games.crossfit.com/athlete/1351563,Federico Marra,Italy,Men,,,,,,,,,,,,,,,,
https://games.crossfit.com/athlete/2564505,Hiko o Te Rangi Curtis,New Zealand,Men,,,,,,,,,,,,,,,,
https://games.crossfit.com/athlete/539702,Mauricio Lamprea,Colombia,Men,,,,,,,,,,,,,,,,
https://games.crossfit.com/athlete/2232892,Jacob Mason,United States,Men,500,366,530,,295,2:13,,,,,25:20,,,,,
https://games.crossfit.com/athlete/817269,Sam True,United States,Men,465,370,515,,270,2:08,63,400,,,22:00,,0:59,,,
https://games.crossfit.com/athlete/144996,Hudson Fricke,United States,Men (35-39),375,305,,1:16,290,2:16,,,,,,,,,,
https://games.crossfit.com/athlete/1992053,River Moore,United States,Men,,,,,,,,,,,,,,,,
https://games.crossfit.com/athlete/180541,Alex Vigneault,Canada,Men,465,360,615,1:11,300,2:14,72,457,14:54,7:12,18:55,,0:54,,,
https://games.crossfit.com/athlete/1495051,João Santos,Portugal,Men,,,,,,,,,,,,,,,,
https://games.crossfit.com/athlete/2712181,Tatu Eeronheimo,Finland,Men,,,,,,,,,,,,,,,,
https://games.crossfit.com/athlete/2614911,Chris Chambers,United States,Men,485,317,500,,255,,,,,,,,,,,
https://games.crossfit.com/athlete/243679,Raphael Durand,United States,Men,455,325,550,1:34,265,2:16,,,,8:02,20:31,,,,,
https://games.crossfit.com/athlete/2285880,Alexis Romero,France,Men (35-39),,,,,,,,,,,,,,,,
https://games.crossfit.com/athlete/694375,Taylor Nagel,United States,Men (35-39),405,315,520,1:45,225,2:31,60,383,,6:47,22:00,,,,,
https://games.crossfit.com/athlete/130921,Dalton Mankin,United States,Men,465,355,487,2:22,280,1:54,50,,,,23:00,,,,,
https://games.crossfit.com/athlete/1483312,Rankin Holt,United States,Men,430,315,450,,275,2:35,,,,,22:15,,,,,
https://games.crossfit.com/athlete/388257,Chris Paye,United States,Men,455,331,505,1:33,270,1:55,58,444,21:22,7:28,21:23,,1:09,,,
https://games.crossfit.com/athlete/1622276,Nicky Rodgers,United States,Men,14,71,135,123:00,62,69:00,1,12,99:10,500:00,500:00,99:59,5:12,500:00,,
https://games.crossfit.com/athlete/86878,Christopher Anderson,United States,Men (45-49),365,265,415,,215,2:26,75,,,,,,,,,
https://games.crossfit.com/athlete/461734,Michael Smith,Ireland,Men,190,155,240,1:21,123,2:11,71,,,,,,,,,
https://games.crossfit.com/athlete/422268,Connor McDonald,United States,Men,415,325,510,1:21,265,2:17,74,469,19:44,6:34,19:31,,,,,
https://games.crossfit.com/athlete/926982,Vincent Richard,Canada,Men,425,325,475,,260,2:04,,,,,24:00,,,,,
https://games.crossfit.com/athlete/754184,Christian Laws,United States,Men,410,315,440,,240,,,,,,,,,,,
https://games.crossfit.com/athlete/1495276,Vitor Loffi Wawrzeniak,Brazil,Men,,,,,,,,,,,,,,,,
https://games.crossfit.com/athlete/504191,Trent Volentine,United States,Men,440,340,525,1:27,245,2:06,75,,,,19:45,,0:51,,,
https://games.crossfit.com/athlete/2073996,Robert Wolfington,United States,Men,417,295,500,1:55,225,2:43,55,,,7:16,,,1:11,,37:15,
https://games.crossfit.com/athlete/851209,Marek Vacha,Czech Republic,Men,,,,,,,,,,,,,,,,
https://games.crossfit.com/athlete/287886,Stuart Stark,United States,Men (35-39),390,320,480,1:53,233,2:26,50,408,,7:44,20:49,,1:07,,,
https://games.crossfit.com/athlete/74320,Samuel Kwant,United States,Men,460,345,530,1:47,285,2:04,74,,,,18:05,,,,,
https://games.crossfit.com/athlete/633140,Martin Fuentes,Chile,Men,150,110,200,,75,,,,,,21:00,,,,,
https://games.crossfit.com/athlete/687597,Magnus Lunander,Sweden,Men,170,136,215,,106,,,,,,20:23,,,,,
https://games.crossfit.com/athlete/132630,Adam Black,Canada,Men,405,315,475,1:39,250,2:09,51,,,7:57,19:15,,0:57,,,
https://games.crossfit.com/athlete/1827888,Dillon Boss,United States,Men,,,,,,,,,,,,,,,,
https://games.crossfit.com/athlete/2547976,Troy Baunsgard,United States,Men,,,,,,,,,,,,,,,,
https://games.crossfit.com/athlete/2391227,Jose Guillermo Cruz Gomar Falla,Guatemala,Men,465,290,545,1:59,220,3:05,26,,,,19:49,,1:18,,47:50,
https://games.crossfit.com/athlete/336132,Anthony Ayala,United States,Men (35-39),,,,,,,,,,,,,,,,
https://games.crossfit.com/athlete/168464,Matt Cardin,United States,Men,415,300,470,1:19,235,1:55,94,387,16:46,6:42,,,1:00,,,
https://games.crossfit.com/athlete/546924,Aaron Helmly,United States,Men,,,,,,,,,,,,,,,,
https://games.crossfit.com/athlete/137834,Chema Arriaga,Spain,Men,,,180,,110,,70,,,,,,,,,
https://games.crossfit.com/athlete/2174849,Axel Giménez,Argentina,Men,,,,,,,,,,,,,,,,
https://games.crossfit.com/athlete/1552074,Yohan Valles,France,Men,,,,,,,,,,,,,,,,
https://games.crossfit.com/athlete/2392212,Jack Sweeney,Australia,Men,,,,,,,,,,,,,,,,
https://games.crossfit.com/athlete/473814,Landon Ellis,United States,Men,430,285,445,2:09,235,2:26,,,,,,,,,,
https://games.crossfit.com/athlete/1699745,Jeremy Gwizdala,United States,Men,,,,,,,,,,,,,,,,
https://games.crossfit.com/athlete/1357453,Brandon Foor,United States,Men,455,355,515,1:45,285,2:21,,,,,,,,,,
https://games.crossfit.com/athlete/665223,Michal Wesolowski,Poland,Men,,,,,,,,,,,,,,,,
https://games.crossfit.com/athlete/989334,Hans Koellnberger,United States,Men,475,345,535,,280,4:24,,,,,,,0:51,,,
https://games.crossfit.com/athlete/1612828,Oscar Nevermann,Sweden,Men,440,325,506,1:04,260,1:58,40,,,,21:46,,,,,
https://games.crossfit.com/athlete/431419,Nelson Costa,Portugal,Men (35-39),140,100,210,,90,,,,,,,,,,,
https://games.crossfit.com/athlete/558482,Jonathan ganicus Mongrain,Canada,Men (35-39),435,335,435,2:14,265,2:04,77,,,7:25,19:37,,0:57,,,
https://games.crossfit.com/athlete/684745,Logan Ewing,United States,Men,435,345,515,,285,1:59,65,,,7:58,17:25,,0:50,,,
https://games.crossfit.com/athlete/1537751,Mario Kainz,Austria,Men,,,,,,,,,,,,,,,,
https://games.crossfit.com/athlete/1552764,Geronimo Beaudean,Argentina,Men,,,,,,,,,,,,,,,,
https://games.crossfit.com/athlete/1213381,Cameron Doyle,United States,Men,,,,,,,,,,,,,,,,
https://games.crossfit.com/athlete/780386,David Vanhamme,France,Men,,,,,,,,,,,,,,,,
https://games.crossfit.com/athlete/2851452,Huw Davis,United Kingdom,Men (40-44),,,,,,,,,,,,,,,,
https://games.crossfit.com/athlete/1059218,Rui Figueiredo,Portugal,Men,,,,,,,,,,,,,,,,
https://games.crossfit.com/athlete/136272,James McLaughlan,United States,Men (35-39),420,315,500,1:32,250,2:02,80,418,13:12,6:42,19:42,,1:00,,,
https://games.crossfit.com/athlete/1964693,Raymond Sabat,Lebanon,Men,,,,,,,,,,,,,,,,
https://games.crossfit.com/athlete/2014542,Ryan Townson,Australia,Men,,,,,,,,,,,,,,,,
https://games.crossfit.com/athlete/937855,Leandro Osella,Argentina,Men (35-39),,,,,,,,,,476:00,,,,,,
https://games.crossfit.com/athlete/2141853,Ben Hickson,Australia,Men,,,,,,,,,,,,,,,,
https://games.crossfit.com/athlete/521179,Kun Seok Kim,"Korea, Republic of",Men,405,305,475,1:58,235,2:07,70,,19:20,,,,,,,
https://games.crossfit.com/athlete/2582405,Ilya Moskalenko,Ukraine,Men,,,,,,,,,,,,,,,,
https://games.crossfit.com/athlete/1999061,Corentin Fourcaud,France,Men,,,,,,,,,,,,,,,,
https://games.crossfit.com/athlete/642094,Cam Crockett,United States,Men,440,347,480,1:16,265,2:05,,481,,,,,0:58,,,
https://games.crossfit.com/athlete/296835,Paul Mellors,United Kingdom,Men (35-39),155,111,180,,95,3:11,45,,,,22:00,,,,,
https://games.crossfit.com/athlete/1657300,Fabian Beneito,Spain,Men,,,,,,,,,,,,,,,,
https://games.crossfit.com/athlete/723553,Gauthier Lacroux,France,Men,,264,,1:55,198,,,,,,,,,,,
https://games.crossfit.com/athlete/163322,Kang Kyungsun,"Korea, Republic of",Men,415,285,,,225,,,,,,,,,,,
https://games.crossfit.com/athlete/1919155,Rory Foster,Ireland,Men,180,140,,,105,,4000,,,,19:10,,,,,
https://games.crossfit.com/athlete/742671,Matas Mačaitis,Lithuania,Men (35-39),180,135,220,,117,2:27,60,,,,21:15,,,,,
https://games.crossfit.com/athlete/2208349,Fran Hurtado,Costa Rica,Men,,,,,,,,,,,,,,,,
https://games.crossfit.com/athlete/1435018,Tomás Joaninho,Portugal,Men,,,,,,,,,,,,,,,,
https://games.crossfit.com/athlete/680821,Riccardo Paparella,Italy,Men (35-39),,,,,,,,,,,,,,,,
https://games.crossfit.com/athlete/1614832,Logan Hopkins,United States,Men,,,,,,,,,,,,,,,,
https://games.crossfit.com/athlete/1928933,Paweł Pokorny,Poland,Men,,,,,,,,,,,,,,,,
https://games.crossfit.com/athlete/1050534,Thomas Warmer,United Kingdom,Men (40-44),,,,,,,,,,,,,,,,
https://games.crossfit.com/athlete/87319,Guillaume Bouchard,France,Men (35-39),,,,,,,,,,,,,,,,
https://games.crossfit.com/athlete/1551296,Korby Foxall,United States,Men,495,340,560,,270,,,,,7:24,,,0:57,,,
https://games.crossfit.com/athlete/1951636,Cemkan Tunga,Turkey,Men,,,,,,,,,,,,6:00,,,,
https://games.crossfit.com/athlete/1505938,Sean Colgan,United States,Men,455,326,525,,245,2:36,,,,,19:30,,1:22,,42:39,
https://games.crossfit.com/athlete/1780774,JiangHong Zhu,China,Men,,,,,,,,,,,,,,,,
https://games.crossfit.com/athlete/737507,Sergey Krys,Ukraine,Men (40-44),,,,,,,,,,,,,,,,
https://games.crossfit.com/athlete/1110590,Wyatt Taylor,Canada,Men,475,375,600,,300,,51,,,,23:30,,,,,
https://games.crossfit.com/athlete/1950262,Maguire Nickerson,Canada,Men,,,,,,,,,,,,,,,,
https://games.crossfit.com/athlete/1772337,Drake Lewis,United States,Men,,,,,,,,,,,,,,,,
https://games.crossfit.com/athlete/512990,Aingeru Setien,Spain,Men (35-39),,,,,,,,,,,,,,,,
https://games.crossfit.com/athlete/1121497,Asier Moreno,Spain,Men,,,,,,,,,,,,,,,,
https://games.crossfit.com/athlete/1069764,Dylan Leary,Australia,Men,170,115,200,,,,,,,7:51,19:01,,,,,
https://games.crossfit.com/athlete/1174315,Zachary Terefenko,United States,Men,,,,,,,,,,,,,,,,
https://games.crossfit.com/athlete/838403,Hayden Weddle,United States,Men,,,,,,,,,,,,,,,,
https://games.crossfit.com/athlete/22689,Kevin Schuetz,United States,Men (35-39),450,350,585,1:39,305,2:05,54,,,7:41,21:53,,,,,
https://games.crossfit.com/athlete/923468,Tiago Luzes,Portugal,Men,,,,,,,,,,,,,,,,
https://games.crossfit.com/athlete/1670203,Adrualdo Junior,Brazil,Men,,,,,,,,,,,,,,,,
https://games.crossfit.com/athlete/2152429,Carlos Ferrara Coloma,Spain,Men,,,,,,,,,,,,,,,,
https://games.crossfit.com/athlete/1667025,Lucas Amantia,Argentina,Men,,,,,,,,,,,,,,,,
https://games.crossfit.com/athlete/2097238,Kyle Edwards,Australia,Men,,,,,,,,,,,,,,,,
https://games.crossfit.com/athlete/1930181,Diogo Pereira,Portugal,Men,,,,,,,,,,,,,,,,
https://games.crossfit.com/athlete/1222942,Inhwan Cha,"Korea, Republic of",Men,,,,,,,,,,,,,,,,
https://games.crossfit.com/athlete/965772,Bailey MacDonald,Canada,Men,2,1,5,,10,2:20,,,,,,,,,,
https://games.crossfit.com/athlete/538401,Victor Ventura Costa,Spain,Men,,,,,,,,,,,,,,,,
https://games.crossfit.com/athlete/1964764,Sean Freeman,United States,Men,,,,,,,,,,,,,,,,
https://games.crossfit.com/athlete/1827696,Jaden Robinson,Canada,Men,,,,,,,,,,,,,,,,
https://games.crossfit.com/athlete/877784,Joshua Hong,"Korea, Republic of",Men,425,325,485,,245,2:03,27,,,,,,,,,
https://games.crossfit.com/athlete/1672723,Tyler Brandenburg,United States,Men,,,,,,,,,,,,,,,,
https://games.crossfit.com/athlete/1216578,Max Hollingworth,Canada,Men,,,,,,,,,,,,,,,,
https://games.crossfit.com/athlete/2719856,Cole McDonald,United States,Men,,,,,,,,,,,,,,,,
https://games.crossfit.com/athlete/912297,Nicolás Canil,Uruguay,Men,,,,,,,,,,,,,,,,
https://games.crossfit.com/athlete/2588206,Samuel Barrière,Canada,Men,405,315,505,,195,,,,,,,45:00,,,,
https://games.crossfit.com/athlete/1525426,Justin Johnson,United States,Men,,,,,,,,,,,,,,,,
https://games.crossfit.com/athlete/1996260,Alexander Majors,United States,Men,,350,,,285,,,,,,,,,,,
https://games.crossfit.com/athlete/712556,Hyunsu Kim,"Korea, Republic of",Men,,,,,,,,,,,,,,,,
https://games.crossfit.com/athlete/408198,David Mata,Spain,Men,170,120,200,,90,,,,,,,,,,,
https://games.crossfit.com/athlete/1688860,Allan Pereira,Brazil,Men (35-39),180,145,220,,115,,,,,,,,,,,
https://games.crossfit.com/athlete/1276946,Jackson Miller,United States,Men,425,335,528,1:24,290,,,415,16:49,7:14,,,0:58,,,
https://games.crossfit.com/athlete/1188746,William Griffin,United States,Men,,,,,,,,,,,,,,,,
https://games.crossfit.com/athlete/209828,Kyle Cant,Canada,Men (35-39),,,,,,,,,,,,,,,,
https://games.crossfit.com/athlete/491119,Dennis Ibardolaza,Australia,Men (35-39),,,,,,,,,,,,,,,,
https://games.crossfit.com/athlete/1551845,Otaño Agustín,Argentina,Men,,,,,,,,,,,,,,,,
https://games.crossfit.com/athlete/1977273,Djoufack Ngoma Chris Sylvain,Cameroon,Men,,,,,,,,,,,,,,,,
https://games.crossfit.com/athlete/2065495,Dillon Bailey,United States,Men,,,,,,,,,,,,,,,,
https://games.crossfit.com/athlete/96390,Robert Wakeham,United Kingdom,Men (35-39),,,,,,,,,,,,,,,,
https://games.crossfit.com/athlete/1199465,Samuel Paquin,Canada,Men,455,350,500,,275,2:17,60,,,8:55,19:53,,1:00,,,
https://games.crossfit.com/athlete/983680,George Rhigas,Australia,Men,,,,,,,,,,,,,,,,
https://games.crossfit.com/athlete/737294,Sangmin Park,"Korea, Republic of",Men,,,,,,,,,,,,,,,,
https://games.crossfit.com/athlete/1739367,Josh Felix,United States,Men,,,,,,,,,,,,,,,,
https://games.crossfit.com/athlete/794436,Josh Schnepp,United States,Men,,,,,,,,,,,,,,,,
https://games.crossfit.com/athlete/2143166,Andrew Gold,United States,Men,,,,,,,,,,,,,,3:21,,
https://games.crossfit.com/athlete/2470905,Soroosh Sedaqat,Iran,Men,,,,,,,,,,,,,,,,
https://games.crossfit.com/athlete/2180444,Izaak Thacker,United Kingdom,Men,,,,,,,,,,,,,,,,
https://games.crossfit.com/athlete/964697,Tristan Faure,United States,Men,465,340,525,,275,2:14,,,,7:39,22:45,,0:50,,,
https://games.crossfit.com/athlete/2214282,Sébastien Chedru,France,Men,142,123,185,,107,2:48,77,,,,17:14,,,,,
https://games.crossfit.com/athlete/2227758,Nick McIntyre,United States,Men,,,,,,,,,,,,,,,,
https://games.crossfit.com/athlete/2295071,Gabriel Iula,United States,Men,410,260,455,1:58,,,,,,,,59:56,,,,
https://games.crossfit.com/athlete/130897,Evan Smith,United States,Men,430,325,425,2:00,265,2:57,40,236,,8:30,23:00,,,,,
https://games.crossfit.com/athlete/652290,Reece Mitchell,United Kingdom,Men,,,,,,,,,,,,,,,,
https://games.crossfit.com/athlete/1615128,Matías Gaitán,Uruguay,Men,,,,,,,,,,,,,,,,
https://games.crossfit.com/athlete/323688,Bobby Wallum,United States,Men (35-39),,,,,,,,,,,,,,,,
https://games.crossfit.com/athlete/811078,Andrew Watts,United Kingdom,Men (35-39),,,,,,,,,,,,,,,,
https://games.crossfit.com/athlete/1734341,Zackary Marck,United States,Men,,,,,,,,,,,,,,,,
https://games.crossfit.com/athlete/2171106,Sergio Martin,Spain,Men,,,,,,,,,,,,,,,,
https://games.crossfit.com/athlete/914153,Artyom Matsak,Kazakhstan,Men,210,155,250,2:05,125,2:10,52,,,,,,1:02,,,
https://games.crossfit.com/athlete/1686084,Grant Sutherland,United States,Men,,,,,,,,,,,,,,,,
https://games.crossfit.com/athlete/55701,Bailey DiMenna,United States,Men,463,368,510,1:58,315,2:32,,,,,,,,,,
https://games.crossfit.com/athlete/1955494,Cobin Plessinger,United States,Men,395,295,455,2:03,235,3:41,,,,8:04,,,1:01,,39:50,
https://games.crossfit.com/athlete/1983655,Marc Hansen,Denmark,Men,,,,,,,,,,,,,,,41:24,
https://games.crossfit.com/athlete/1573629,Victor Amancio,Brazil,Men,,,,,,,,,,,,,,,,
https://games.crossfit.com/athlete/917158,Eren Yayla,Turkey,Men,,,,,,,,,,,,,,,,
https://games.crossfit.com/athlete/1475644,Jinsu Kim,"Korea, Republic of",Men,395,,420,,,2:19,,,,,,,,,,
https://games.crossfit.com/athlete/1638460,Kim Keumcheol,"Korea, Republic of",Men,,,,,,,,,,,,,,,,
https://games.crossfit.com/athlete/2237515,Trevor Deal,United States,Men,415,315,505,,245,2:36,,,,,,,,,,
https://games.crossfit.com/athlete/2759482,Zach Richardson,United States,Men,,,,,,,,,,,,,,,,
https://games.crossfit.com/athlete/2212884,Carlos Mateus Braga de Almeida,Brazil,Men,,,,,,,,,,,,,,,,
https://games.crossfit.com/athlete/1806183,Coşkun Aydın,Turkey,Men,180,135,210,,110,,,,,,,,,,,
https://games.crossfit.com/athlete/1758346,Brandon Jowers,United States,Men,465,360,545,,280,2:12,,,,,,,,,,
https://games.crossfit.com/athlete/482764,Eric Evans,United States,Men,460,345,570,,265,2:33,59,,,,19:00,,0:49,,,
https://games.crossfit.com/athlete/369846,Charles Curran,United States,Men,330,278,435,,205,2:46,,327,,,17:20,,,,,
https://games.crossfit.com/athlete/19269,Cody Anderson,United States,Men,460,320,510,1:40,255,2:06,73,489,16:18,7:47,22:33,,0:59,,,
https://games.crossfit.com/athlete/2298706,Ahn Taehyun,"Korea, Republic of",Men,385,260,465,,205,2:33,48,,,,18:53,,1:01,,48:42,
https://games.crossfit.com/athlete/2509961,Samuel Rivera,Puerto Rico,Men,,,,,,,,,,,,,,,,
https://games.crossfit.com/athlete/1769047,Jordan Brown,United States,Men,,,,,,,,,,,,,,,,
https://games.crossfit.com/athlete/487535,Jakub Cieślik,Poland,Men,,310,,,265,,,,,,,,,,,
https://games.crossfit.com/athlete/120304,Mikolaj Tarnowski,Poland,Men,210,150,240,,115,,,,,,,,,,,
https://games.crossfit.com/athlete/1842246,Jack Fleming,Australia,Men,,,,,,,,,,,,,,,,
https://games.crossfit.com/athlete/2282946,Antonino De Rubeis,France,Men (35-39),,,,,,,,,,,,,,,,
https://games.crossfit.com/athlete/750357,Jason Rusk,United States,Men,385,255,410,3:13,195,2:49,45,,,10:31,,,,,,
https://games.crossfit.com/athlete/1818031,Fernando Carrillo,United Kingdom,Men,215,160,230,,120,,,,,,21:00,,,,,
https://games.crossfit.com/athlete/1179502,Samuel Mark Whitworth,United Kingdom,Men,,,,,,,,,,,,,,,,
https://games.crossfit.com/athlete/2323840,Pedro Duarte,Brazil,Men,,,,,,,,,,,,,,,,
https://games.crossfit.com/athlete/1653541,Lee Pinkham,United States,Men,,,,,,,,,,,,,,,,
https://games.crossfit.com/athlete/675826,Vinicius Stoelben,Brazil,Men,200,160,250,1:38,134,2:14,60,,,,21:00,,1:03,,,
https://games.crossfit.com/athlete/95750,Mike Needleman,United States,Men,455,355,525,,275,,,,,,19:30,,,,,
https://games.crossfit.com/athlete/744030,Félix-Antoine Lemay,Canada,Men,390,300,445,3:08,225,,,,,,22:42,,,,,
https://games.crossfit.com/athlete/1890390,Mason Griffin,United States,Men,445,335,505,,290,2:25,,,,,21:36,,,,,
https://games.crossfit.com/athlete/148445,Rob Thomas,United States,Men (35-39),495,325,600,1:46,266,2:27,51,435,17:09,7:30,21:45,,1:06,,,
https://games.crossfit.com/athlete/571999,Paul Castillo,United States,Men (35-39),445,335,500,1:12,275,2:18,,,,7:48,21:00,,1:06,,,
https://games.crossfit.com/athlete/2213492,Beyn Le bellour,France,Men,,,,,,,,,,,,,,,,
https://games.crossfit.com/athlete/678713,Benjamin Gutierrez,Chile,Men,10,10,,,10,,,,,,,,,,,
https://games.crossfit.com/athlete/2464114,Jaden Van Roekel,United States,Men,425,300,500,,245,2:27,,,,,,,,,,
https://games.crossfit.com/athlete/11244,Christopher Shimley,United States,Men,505,365,505,1:56,285,2:20,61,468,18:00,7:29,21:17,,,,,
https://games.crossfit.com/athlete/7314,Brandon Swan,Australia,Men,200,161,250,1:20,133,2:03,70,410,17:55,7:48,,,0:58,,,
https://games.crossfit.com/athlete/1564872,Oliver Valentin Toft,Denmark,Men,,,,,,,,,,,,,,,,
https://games.crossfit.com/athlete/1150475,Landen Ryan,United States,Men,,,,2:03,,,57,,,,18:12,,0:01,,,
https://games.crossfit.com/athlete/1992236,Ourtaud Valentin,France,Men,,,,,,,,,,,,,,,,
https://games.crossfit.com/athlete/1679129,Destry Tamai,Australia,Men,180,125,234,,104,,,,,,,,,,,
https://games.crossfit.com/athlete/1780039,Joni Määttä,Finland,Men,,,,,,,,,,,,,,,,
https://games.crossfit.com/athlete/1829846,Christian Vega,Mexico,Men (35-39),400,315,487,1:45,230,2:23,,,,8:30,18:30,,1:00,,,
https://games.crossfit.com/athlete/2234209,Jinwoo Ahn,"Korea, Republic of",Men,,,,,,,,,,,,,,,,
https://games.crossfit.com/athlete/1877976,Thomas Sandoval,Venezuela,Men,,,,,,,,,,,,,,,,
https://games.crossfit.com/athlete/1850623,Jordan Powell,United Kingdom,Men,170,120,205,,95,,,,,,,,,,,
https://games.crossfit.com/athlete/1166603,Nick Miller,United States,Men,405,285,505,,225,5:13,,,,,,,1:14,,,
https://games.crossfit.com/athlete/1727543,Pierre Demule,France,Men,,,,,,,,,,,,,,,,
https://games.crossfit.com/athlete/833457,Joe Munno,United States,Men (35-39),,,,,,,,,,,,,,,,
https://games.crossfit.com/athlete/269229,Angelo Brussich,United States,Men,455,335,650,1:35,275,2:22,60,412,,,21:30,,1:00,,,
https://games.crossfit.com/athlete/1071403,Cody Davison,New Zealand,Men,,,,,,,,,,,,,,,,
https://games.crossfit.com/athlete/255163,Michael Laverriere,Canada,Men (40-44),480,345,645,,270,,,,,,18:15,,,,,
https://games.crossfit.com/athlete/1637041,Luis Echegaray,Venezuela,Men,,,,,,,,,,,,,,,,
https://games.crossfit.com/athlete/1264522,João Kupper,Brazil,Men,200,164,225,2:04,125,2:09,70,,,9:32,20:53,,1:30,,,
https://games.crossfit.com/athlete/194540,Vincent Buttitta,United States,Men (35-39),500,340,490,,255,2:05,,,,,,,,,,
https://games.crossfit.com/athlete/1457627,Kris Kellas,United Kingdom,Men (35-39),,,,,,,,,,,,,,,,
https://games.crossfit.com/athlete/1609275,Ryan Brown,United States,Men,,,,,,,,,,,,,,,,
https://games.crossfit.com/athlete/552232,Kevin Steinhaus,United States,Men (35-39),475,345,555,1:12,275,,,,,,18:52,,,,,
https://games.crossfit.com/athlete/1753938,Dareios Linss,United States,Men,445,315,605,2:27,230,2:26,,,,8:40,20:50,,,,,
https://games.crossfit.com/athlete/238219,Norman Woodring,United States,Men (35-39),505,350,600,1:45,265,2:14,,450,17:30,,18:25,,,,,
https://games.crossfit.com/athlete/8551,Julian Serna,Colombia,Men (40-44),,265,,1:35,195,2:12,55,,,,,,,,,
https://games.crossfit.com/athlete/101748,Petter Maansson,Sweden,Men (35-39),150,130,205,,105,3:27,32,,,,19:51,,,,,
https://games.crossfit.com/athlete/498451,Matias Suez,Canada,Men,,,,,,,,,,,,,,,,
https://games.crossfit.com/athlete/2405893,Woo Jin Kim,"Korea, Republic of",Men,,,,,,,,,,,,,,,,
https://games.crossfit.com/athlete/2173262,Hayden Jaco,Canada,Men,,,,,,,,,,,,,,,,
https://games.crossfit.com/athlete/1722274,Quentin Gerald,France,Men,180,150,210,,120,,,,,,,,,,,
https://games.crossfit.com/athlete/598633,Jason Houde,Canada,Men,,,,,,,,,,,,,,,,
https://games.crossfit.com/athlete/1622099,Mario Waleriew,Bulgaria,Men (35-39),,,,2:00,,2:30,60,,,,21:00,,,,,
https://games.crossfit.com/athlete/1608168,Alex Post,United States,Men,,,,,,,,,,,,,,,,
https://games.crossfit.com/athlete/1626436,Cooper Lovett,United States,Men,375,285,405,2:29,245,2:40,,,,11:20,,,1:02,,,
https://games.crossfit.com/athlete/2474348,Jonah Staton,United States,Men,,,,,,,,,,,,,,,,
https://games.crossfit.com/athlete/663689,Tyler Christophel,United States,Men (35-39),,,,,,,,,,,,,,,,
https://games.crossfit.com/athlete/256736,Brendan Moss,United States,Men,,,390,,,,,,,,,,,,,
https://games.crossfit.com/athlete/2111037,Dane Smith,United States,Men,,,,,,,,,,,,,,,,
https://games.crossfit.com/athlete/1142015,Thomas Stroier,Denmark,Men,,,,,,,,,,,,,,,,
https://games.crossfit.com/athlete/217941,Michael Kearney,Canada,Men (35-39),465,335,565,1:15,265,2:04,74,485,,,,,,,,
https://games.crossfit.com/athlete/946546,Maxime Calzado,France,Men,180,130,210,,103,,,,,,19:20,,,,37:22,
https://games.crossfit.com/athlete/444506,Esteban Carvallo,Chile,Men (35-39),515,335,565,1:30,265,1:55,82,,,,,,,,,
https://games.crossfit.com/athlete/1269929,Brandon Schipper,United States,Men,500,360,600,1:32,290,2:44,,,,,,,0:57,,,
https://games.crossfit.com/athlete/251447,Austin Spencer,United States,Men,440,350,505,,285,2:13,,,,,,,,,,
https://games.crossfit.com/athlete/905890,Michael Haddad,United States,Men,345,245,415,,190,2:41,,,,8:14,,,,,,
https://games.crossfit.com/athlete/1732721,Jongeun Park,"Korea, Republic of",Men,380,290,445,,205,,61,,,,,,,,,
https://games.crossfit.com/athlete/1231733,Joao Pedro Barcelos,Brazil,Men,,,,,,,,,,,,,,,,
https://games.crossfit.com/athlete/893251,Tyler Marsh,Canada,Men,375,325,500,,250,2:46,45,470,,7:49,,,,,,
https://games.crossfit.com/athlete/25569,Kyle Kasperbauer,United States,Men (40-44),515,345,515,1:08,285,2:04,71,,,6:13,18:52,,0:51,,,
https://games.crossfit.com/athlete/1950348,Joao Ferreira,Portugal,Men,,,,,,,,,,,,,,,,
https://games.crossfit.com/athlete/1960808,Tomas Martino,Argentina,Men,,,,,,,,,,,,,,,,
https://games.crossfit.com/athlete/624949,Angelo DiCicco,United States,Men,420,325,535,,280,,85,,,,,,,,,
https://games.crossfit.com/athlete/847620,Hugo Verdy,France,Men,197,140,200,1:45,117,,75,,,,,,,,,
https://games.crossfit.com/athlete/2207247,Nick LeFrere,United States,Men,,,,,,,,,,,,,,,,
https://games.crossfit.com/athlete/1667716,Timmy Fowler,New Zealand,Men,,,,,,,,,,,,,,,,
https://games.crossfit.com/athlete/2230631,Austin Gooch,United States,Men,,,,,,,,,,,,,,,,
https://games.crossfit.com/athlete/2101477,Kūlani Subiono,United States,Boys (16-17),,,,,,,,,,,,,,,,
https://games.crossfit.com/athlete/744550,Gustavo Errico,Venezuela,Men,405,305,445,1:40,250,2:13,75,,,,,,,,,
https://games.crossfit.com/athlete/325873,Garrett Clark,United States,Men,,,,,,,,,,,,,,,,
https://games.crossfit.com/athlete/873625,Radoslaw Wreczycki,Poland,Men,205,173,215,,125,2:04,54,456,,,22:04,,,,,
https://games.crossfit.com/athlete/119313,Erik Toth,Slovakia,Men (35-39),450,315,450,1:30,245,2:09,50,,14:51,,19:43,39:30,1:01,,,
https://games.crossfit.com/athlete/486876,Alex Bozenhard,United States,Men,450,340,500,1:33,270,2:15,60,427,15:53,7:41,,,0:58,,,
https://games.crossfit.com/athlete/621716,Winston Langridge,South Africa,Men,,,,,,,,,,,,,,,,
https://games.crossfit.com/athlete/1740902,James Lindsay,Ireland,Men,,,,,,,,,,,,,,,,
https://games.crossfit.com/athlete/1286931,Daniel Tai,United Kingdom,Men,220,165,260,1:40,132,2:11,,,,,500:00,,,,,
https://games.crossfit.com/athlete/915431,BASTIAN FRITZ,Chile,Men (35-39),,,,,,,,,,,,,,,,
https://games.crossfit.com/athlete/891333,Alexandre Gallant,Canada,Men,,,,,,,,,,,,,,,,
https://games.crossfit.com/athlete/2414102,Miguel Catita,Portugal,Men,,,,,,,,,,,,,,,,
https://games.crossfit.com/athlete/1007577,Emiliano Morales,Canada,Men,,,,,,,,,,,,,,,,
https://games.crossfit.com/athlete/2239078,Spencer Carl,United States,Men,,,,,,,,,,,,,,,,
https://games.crossfit.com/athlete/1259240,Goncalves Jordan,France,Men,,,,,,,,,,,,,,,,
https://games.crossfit.com/athlete/2426351,Erik Hernandez,Mexico,Men,,,,,,,,,,,,,,,,
https://games.crossfit.com/athlete/1862343,Kéwan Judex,France,Men,,,,,,,,,,,,,,,,
https://games.crossfit.com/athlete/889486,Michael van Tonder,South Africa,Men,190,150,220,1:30,125,,,,,,21:40,,,,,
https://games.crossfit.com/athlete/55429,Matthew Shorrock,United States,Men (35-39),,,,,,,,,,,,,,,,
https://games.crossfit.com/athlete/1243727,Tristan Meredith,United States,Men,,,,,,,,,,,,,,,,
https://games.crossfit.com/athlete/233175,Lago Guiraldes,Argentina,Men,120,90,140,,70,,32,,,,,,,,,
https://games.crossfit.com/athlete/228744,Kevin Nabialek,France,Men (35-39),,,,,,,,,,,,,,,,
https://games.crossfit.com/athlete/2431073,Jamie Vesey,Australia,Men,,,,,,,,,,,,,,,,
https://games.crossfit.com/athlete/2446781,Cédric DENOIRJEAN,France,Men,,,,,,,,,,,,,,,,
https://games.crossfit.com/athlete/449003,Wooyoung Lim,"Korea, Republic of",Men (35-39),480,350,500,1:59,285,2:21,53,,,,18:21,,,,,
https://games.crossfit.com/athlete/2169281,Kevin Brodbek,Germany,Men,,,,,,,,,,,,,,,,
https://games.crossfit.com/athlete/2198392,Robin Potier,France,Men,,,,,,,,,,,,,,,,
https://games.crossfit.com/athlete/897110,Tudor Magda,United States,Men,475,385,595,,325,,65,,,7:22,18:50,,,,,
https://games.crossfit.com/athlete/779947,Francesc Martinez,Spain,Men,205,150,230,,120,,,,,,20:53,,,,,
https://games.crossfit.com/athlete/1904300,Ross Walton,United States,Men,465,315,500,,245,,,,,,,,,,,
https://games.crossfit.com/athlete/1043854,George Dutton,United Kingdom,Men,,,,,,,,,,,,,,,,
https://games.crossfit.com/athlete/82305,JP Rubino,United States,Men,,,,,,,,,,,,,,,,
https://games.crossfit.com/athlete/649730,Mark Suthers,Canada,Men,445,335,455,,270,,,,,,,,,,,
https://games.crossfit.com/athlete/1376047,Dalton Jeffries,United States,Men,450,336,545,4:26,270,2:32,50,,,8:40,,,0:52,,,
https://games.crossfit.com/athlete/967296,Dimitris Papathanasiou,Greece,Men,,,,,,,,,,,,,,,,
https://games.crossfit.com/athlete/148509,Brendan Willis,Canada,Men (35-39),390,275,445,1:39,230,2:07,55,464,13:38,6:48,17:30,,1:06,,,
https://games.crossfit.com/athlete/445698,Mitch Griffith,United States,Men,,,,,,,,,,,,,,,,
https://games.crossfit.com/athlete/663572,Álvaro Teixeira,Brazil,Men,,,,,,,,,,,,,,,,
https://games.crossfit.com/athlete/857669,Aegir Bjorn Gunnsteinsson,Iceland,Men,,,,,,,,,,,,,,,,
https://games.crossfit.com/athlete/470413,Jacob Wheeler,Australia,Men,155,116,190,2:46,88,2:31,50,,,7:37,,,1:11,,,
https://games.crossfit.com/athlete/822789,Alex Kotoulas,Greece,Men,190,150,240,,125,,,,,,,,,,,
https://games.crossfit.com/athlete/1204481,MINWOO LEE,"Korea, Republic of",Men,,,,,,,,,,,,,,,,
https://games.crossfit.com/athlete/739299,Joonghan So,"Korea, Republic of",Men,,,,,,,,,,,,,,,,
https://games.crossfit.com/athlete/124540,Justin Lane,Canada,Men,405,335,485,1:31,265,2:23,57,,,,,,1:05,,,
https://games.crossfit.com/athlete/1340099,Jordan Zerva,United States,Men,400,315,445,,265,2:38,54,,,,,,,,,
https://games.crossfit.com/athlete/1414261,Rafa Rocu,Spain,Men,170,135,210,,110,2:44,,,,,,,,,,
https://games.crossfit.com/athlete/187807,Giorgio Sarkis,United States,Men,420,350,550,1:31,300,1:59,69,444,,7:40,,,,,37:34,
https://games.crossfit.com/athlete/335435,Tyler Tosunian,United States,Men,,,,,,,,,,,,,,,,
https://games.crossfit.com/athlete/1219294,Michael Ingram,Canada,Men,440,300,470,,241,2:45,,,,,20:21,43:44,,,43:53,
https://games.crossfit.com/athlete/1401874,Sam Zerlik,Finland,Men,190,141,190,,110,2:13,,,,,,,,,,
https://games.crossfit.com/athlete/984966,Ryan Drew,United States,Men,,,,,,,,,,,,,,,,
https://games.crossfit.com/athlete/376282,James Howell,United States,Men (40-44),,,,,,,,,,,,,,,,
https://games.crossfit.com/athlete/1332272,Martin Gonzalez,Argentina,Men,390,286,420,,231,2:10,,,,,,,,,,
https://games.crossfit.com/athlete/2299785,Momotaro Niwa,Japan,Men,,,200,,,,,,,,,,,,,
https://games.crossfit.com/athlete/2817205,Tomas Soto,Chile,Men,440,343,594,1:29,264,2:30,70,,,,,,,,44:35,
https://games.crossfit.com/athlete/359592,Andy Mathers,Australia,Men,190,125,205,,100,1:57,,,,,,,,,,
https://games.crossfit.com/athlete/159802,Bryan Ford,United States,Men,,,,,,,,,,,,,,,,
https://games.crossfit.com/athlete/421517,Andrew Daley,Australia,Men,175,135,215,1:54,100,2:23,,,,7:16,19:13,,,,,
https://games.crossfit.com/athlete/2155972,Alexandre Silva,Brazil,Men,200,143,200,,120,,,,,,,,,,,
https://games.crossfit.com/athlete/1969427,Ricardo García,Mexico,Men,,,,,,,,,,,,,,,,
https://games.crossfit.com/athlete/2056660,José Valenzuela,Chile,Men,,,,,,,,,,,,,,,,
https://games.crossfit.com/athlete/1348512,Dylan Gibbs,United States,Men,465,335,500,,255,,,,,,,,,,,
https://games.crossfit.com/athlete/367955,Mike Evans,United States,Men,,,,,,,,,,,,,,,,
https://games.crossfit.com/athlete/1727489,Zane Shellabear-Healey,Australia,Men,203,150,245,,118,,,,,,,,,,,
https://games.crossfit.com/athlete/753623,Adriano Ponte,Brazil,Men,205,160,235,,120,2:13,,,,,,,0:54,,,
https://games.crossfit.com/athlete/1636921,Johnny Nicodemus,New Zealand,Men,,,,,,,,,,,,,,,,
https://games.crossfit.com/athlete/1178552,Youngsan Choi,"Korea, Republic of",Men,,,,,,,,,,,,,,,,
https://games.crossfit.com/athlete/15591,Brian Francis,United States,Men (45-49),500,327,500,,260,2:26,63,,,,,,,,,
https://games.crossfit.com/athlete/1869552,Ciro Maurício,Brazil,Men,,,,,,,,,,,,,,,,
https://games.crossfit.com/athlete/611929,Sean Gordon,United States,Men,,,,,,,,,,,,,,,,
https://games.crossfit.com/athlete/1209621,Daniel Sterling,United States,Men,365,135,351,,,10:45,,,,,31:02,,,,,
https://games.crossfit.com/athlete/469655,William Ford,United States,Men,,,,,,,,,,,,,,,,
https://games.crossfit.com/athlete/2213350,Danilo Moreira,Brazil,Men,,,,,,,,,,,,,,,,
https://games.crossfit.com/athlete/263794,Trevor Phillips,United States,Men (40-44),385,275,500,,200,3:00,40,,,,21:10,,,,,
https://games.crossfit.com/athlete/1047485,Jake Kloeppel,United States,Men (35-39),,,,,,,,,,,,,,,,
https://games.crossfit.com/athlete/872387,Harrison Riggs,United States,Men (35-39),,,,,,,,,,,,,,,,
https://games.crossfit.com/athlete/1690,Travis Mayer,United States,Men,500,360,565,1:18,300,2:08,85,447,13:39,6:34,18:03,,0:54,,,
https://games.crossfit.com/athlete/952873,Jordan Thompson,United Kingdom,Men,,,,,,,,,,,,,,,,
https://games.crossfit.com/athlete/321128,Tyler Cooke,United States,Men (35-39),,,,,,,,,,,,,,,,
https://games.crossfit.com/athlete/826208,Joseph Fagnani,United States,Men,420,285,490,,225,2:32,51,,,,,,,3:22,30:02,
https://games.crossfit.com/athlete/1263358,Frank Minervini,United States,Men,,,,,,,,,,,,,,,,
https://games.crossfit.com/athlete/1485580,Azat Axanov,Kazakhstan,Men,190,150,220,2:05,120,2:41,60,,,9:22,5:33,,1:03,,34:36,
https://games.crossfit.com/athlete/1166650,Edgar Carvalho,Brazil,Men,,,,,,,,,,,21:45,,,,,
https://games.crossfit.com/athlete/1973801,Fernando Tarciso Schamne Simões,Brazil,Men,,,,,,,,,,,,,,,,
https://games.crossfit.com/athlete/1295941,Alejandro Trillos,Colombia,Men,,,,,,,,,,,,,,,,
https://games.crossfit.com/athlete/1973032,Seth Beck,United States,Men,,,,,,,,,,,,,,,,
https://games.crossfit.com/athlete/621610,Sam Dancer,United States,Men (35-39),535,365,655,1:00,315,2:00,65,484,,7:10,,,,,,
https://games.crossfit.com/athlete/224349,Ben Wise,United States,Men,425,322,525,1:37,255,2:22,55,,,7:23,17:40,,0:53,,,
https://games.crossfit.com/athlete/1892008,Jaidin Fletcher,United States,Men,,,,,,,,,,,,,,,,
https://games.crossfit.com/athlete/886836,Ben Swedish,United States,Men (35-39),,,,,,,,,,,,,,,,
https://games.crossfit.com/athlete/1598436,Saul Gutierrez,Spain,Men,,,,,,,,,,,,,,,,
https://games.crossfit.com/athlete/2529092,Seongmin Kang,"Korea, Republic of",Men,,,,,,,,,,,,,,,,
https://games.crossfit.com/athlete/230874,Axel Lundgren,Sweden,Men,,112,160,3:00,93,4:04,60,,,,,,1:05,,,
https://games.crossfit.com/athlete/123764,Logan Collins,United States,Men,455,340,535,1:05,275,2:02,90,,,,18:00,,,,,
https://games.crossfit.com/athlete/892183,KyungBo Lee,"Korea, Republic of",Men,,,,,,,,,,,,,,,,
https://games.crossfit.com/athlete/1939136,Derrick Gullett,United States,Men,415,335,500,2:02,235,2:12,,418,,,24:00,40:45,1:00,,48:58,
https://games.crossfit.com/athlete/1033765,Ilya Makarov,N/A,Men,195,150,250,,120,,,,,,,,,,,
https://games.crossfit.com/athlete/1828615,Daniel Griesel,South Africa,Men,,,,,,,,,,,,,,,,
https://games.crossfit.com/athlete/1760719,Aleksander Biggs,United States,Men,385,275,425,,230,,,,,,,,,,,
https://games.crossfit.com/athlete/835152,Cal Bauer,United States,Men,500,375,600,1:09,275,2:10,,,,,,,0:54,,,
https://games.crossfit.com/athlete/2282105,Grzegorz Maraszkiewicz,Poland,Men,185,150,250,,120,2:16,63,,,,,,,,,
https://games.crossfit.com/athlete/2067918,Victor Helsinghof,Norway,Men,,,,,,,,,,,,,,,,
https://games.crossfit.com/athlete/681413,Jason Ray,United States,Men,500,350,550,,275,2:25,,,,,,,,,,
https://games.crossfit.com/athlete/957139,Rikka Kim,"Korea, Republic of",Men,,,,,,,,,,,,,,,,
https://games.crossfit.com/athlete/225315,Augustin Viličnik,Croatia,Men (35-39),,,,,,,,,,,,,,,,
https://games.crossfit.com/athlete/1204231,Samuel Spurlin,United States,Men,405,310,405,,245,2:45,51,,,,,57:32,,,,
https://games.crossfit.com/athlete/1045503,Spencer Arey,United States,Men,415,315,461,,250,2:06,109,336,24:09,,,,,,,
https://games.crossfit.com/athlete/1938805,Jake Stroud,United States,Men,,,,,,,,,,,,,,,,
https://games.crossfit.com/athlete/567672,Alexander Elebro,Sweden,Men,,,,,,,,,,,,,,,,
https://games.crossfit.com/athlete/1317641,Jesse McKune,United States,Men,445,315,565,,260,,,,,,,,,,,
https://games.crossfit.com/athlete/2413522,Louden Porter,United States,Men,,,,,,,,,,,,,,,,
https://games.crossfit.com/athlete/1546147,Luke Parker,United States,Men,,,,,,,,,,,,,,,,
https://games.crossfit.com/athlete/1411041,Adam McAdams (Mac),United States,Men,465,330,545,,287,2:01,,,,,,52:56,0:54,,,
https://games.crossfit.com/athlete/980652,Tim Holmgren,Sweden,Men,,,,,,,,,,,,,,,,
https://games.crossfit.com/athlete/916348,Rafael Sancen,Mexico,Men,,,,,,,,,,,,,,,,
https://games.crossfit.com/athlete/1656973,Gui Quan Yang,China,Men,,,,,,,,,,,,,,,,
https://games.crossfit.com/athlete/1162868,Roberto Carrasquero,Venezuela,Men,,,,,,,,,,,,,,,,
https://games.crossfit.com/athlete/1304301,Robin Rouquier,France,Men,135,115,170,2:33,90,,50,,,,,,,,,
https://games.crossfit.com/athlete/2236590,Hweegeon Lim,"Korea, Republic of",Men,,,,,,,,,,,,,,,,
https://games.crossfit.com/athlete/1164543,Timothy Perez,United States,Men,,,,,,,,,,,,,,,,
https://games.crossfit.com/athlete/1795192,Benjamin Fouille,France,Men,,,,,,,,,,,,,,,,
https://games.crossfit.com/athlete/1069888,Selvan Ramjattan,United States,Men,,,,,,,,,,,,,,,,
https://games.crossfit.com/athlete/821842,Ben Davidson,United States,Men,,,,,,,,,,,,,,,,
https://games.crossfit.com/athlete/178847,Kolton O'Day,United States,Men,,,,,,,,,,,,,,,,
https://games.crossfit.com/athlete/1754519,Sergi Notario,Spain,Men,,,,,,,,,,,,,,,,
https://games.crossfit.com/athlete/1377956,Thor Hajnal,New Zealand,Men,202,155,275,,105,2:07,102,,,,,,,,,
https://games.crossfit.com/athlete/2382729,Casey Pollins,United States,Men,385,275,455,2:50,190,3:40,,,,8:55,22:21,67:40,,,40:52,
https://games.crossfit.com/athlete/2281092,Aatu Vajanto,Finland,Men,,,,,,,,,,,,,,,,
https://games.crossfit.com/athlete/1170396,Pietro Anderloni,Italy,Men,,,,,,,,,,,,,,,,
https://games.crossfit.com/athlete/1935609,Ka'eo Subiono,United States,Men,,,,1:58,,,100,,,,,,,,,
https://games.crossfit.com/athlete/1549325,Mark Banner,United Kingdom,Men,,,,,,,,,,,,,,,,
https://games.crossfit.com/athlete/1598590,Caleb Sokolowski,United States,Men,470,335,550,,275,2:04,,,,,,,,,42:28,
https://games.crossfit.com/athlete/1621077,Rúben Leite,Portugal,Men,,,,,,,,,,,,,,,,
https://games.crossfit.com/athlete/1937003,John Miller,United States,Men (35-39),425,315,515,,255,2:14,63,,,,,,,,,
https://games.crossfit.com/athlete/1756915,Billy May,New Zealand,Men,,,,,,,,,,,,,,,,
https://games.crossfit.com/athlete/2566350,Min Hyeong Kim,"Korea, Republic of",Men,400,300,500,,240,2:00,,,,10:39,27:56,,,4:19,,
https://games.crossfit.com/athlete/459034,Jinsam Kim,"Korea, Republic of",Men,,,,,,,90,,,,,,,,,
https://games.crossfit.com/athlete/1979400,Matthew Taylor,United Kingdom,Men,,,,,,,,,,,,,,,,
https://games.crossfit.com/athlete/1588717,Mickael Convert,France,Men,,,,,,,,,,,,,,,,
https://games.crossfit.com/athlete/607997,Lake Williams,United States,Men,455,365,,,270,2:05,70,,,,,,,,,
https://games.crossfit.com/athlete/1105497,Guillaume Briant,France,Men,195,160,250,,130,,,,,,,,,,,
https://games.crossfit.com/athlete/1345887,Bradley Spreadborough,Australia,Men,220,160,250,1:24,122,3:05,,,,8:52,21:51,,,,40:55,
https://games.crossfit.com/athlete/1104210,Scott Mayes,United States,Men (35-39),,,,,,,,,,,,,,,,
https://games.crossfit.com/athlete/1769639,Max Kwint,Netherlands,Men,,,,,,,,,,,,,,,,
https://games.crossfit.com/athlete/2491447,Sean Early,United States,Men,,,,,,,,,,,,,,,,
https://games.crossfit.com/athlete/1795539,Curtis Dixon,United Kingdom,Men (35-39),190,140,232,,100,2:03,70,,,,18:45,,,,,
https://games.crossfit.com/athlete/891088,Erik Brorsson,Sweden,Men,,,,,,,,,,,,,,,,
https://games.crossfit.com/athlete/105536,Chase Smith,United States,Men (35-39),515,350,556,1:12,290,2:06,60,476,,,,,0:56,,,
https://games.crossfit.com/athlete/2474219,Peter Quittenton,United Kingdom,Men,,,,,,,,,,,,,,,,
https://games.crossfit.com/athlete/1218984,James O'Rourke,United States,Men,,,,,,,,,,,,,,,,
https://games.crossfit.com/athlete/914567,Mauro Corriga,Italy,Men (35-39),1,1,1,,1,,1,,,,1:00,,,,,
https://games.crossfit.com/athlete/252953,Ryan Woodall,Australia,Men (40-44),195,155,225,,117,2:08,,,,,,,,,,
https://games.crossfit.com/athlete/1043467,Park Sunghoon,"Korea, Republic of",Men,,,,,,,,,,,,,,,,
https://games.crossfit.com/athlete/2834058,Evan Holland,United States,Men,,,,,,,,,,,,,,,,
https://games.crossfit.com/athlete/289710,Mitch McClune,United States,Men (35-39),485,352,485,1:42,275,2:24,,,,,,,,,,
https://games.crossfit.com/athlete/1783522,Joshua Lindsey,United States,Men,,,,,,,,,,,,,,,,
https://games.crossfit.com/athlete/1312389,Alex Blazo,United States,Men,425,350,500,,275,,57,,,,,,,,,
https://games.crossfit.com/athlete/8356,Paul Tremblay,Canada,Men (35-39),525,375,545,1:48,315,1:50,76,451,,,20:41,,1:00,2:42,,
https://games.crossfit.com/athlete/1981556,Ben Sexton,United States,Men,,,,,,,,,,,,,,,,
https://games.crossfit.com/athlete/1252309,Evan Gray,New Zealand,Men,,,,,,,,,,,,,,,,
https://games.crossfit.com/athlete/1695999,Ben Hathaway,United Kingdom,Men,200,160,200,,120,2:15,,,,,20:24,,,,,
https://games.crossfit.com/athlete/111574,Jordan Cook,United States,Men,440,330,500,1:37,270,2:14,,,,7:01,20:00,,1:00,,,
https://games.crossfit.com/athlete/1532536,Ander Garate,Spain,Men,,,,,,,,,,,,,,,,
https://games.crossfit.com/athlete/276040,Bruno Militao,Portugal,Men (40-44),195,130,220,1:50,100,2:39,,,,,,,,,,
https://games.crossfit.com/athlete/910847,Evgeniy Glushkov,Israel,Men,185,150,230,,111,2:46,,,,,,,,,,
https://games.crossfit.com/athlete/2413718,Kieran Taylor,Australia,Men,,,,,,,,,,,,,,,,
https://games.crossfit.com/athlete/2197616,Changrim An,"Korea, Republic of",Men,,,,,,,,,,,,,,,,
https://games.crossfit.com/athlete/1928492,Andrew Burke,Canada,Men,,,,,,,,,,,,,,,,
https://games.crossfit.com/athlete/1509853,Igor Lino,Brazil,Men,,,,,,,,,,,,,,,,
https://games.crossfit.com/athlete/1661093,Nicolas Paulin,France,Men,200,140,230,,110,,,,,,22:00,,,,,
https://games.crossfit.com/athlete/731706,Erik Vådahl,Norway,Men,,,,,,,,,,,,,,,,
https://games.crossfit.com/athlete/755342,Zachery Buntin,United States,Men,,,,,,,,,,,,,,,,
https://games.crossfit.com/athlete/1770477,Shintaro Yoshimoto,Japan,Men,,,,,,,,,,,,,,,,
https://games.crossfit.com/athlete/2166399,Guillaume Chenu,France,Men,170,110,,,90,2:50,,,,,,,,,,
https://games.crossfit.com/athlete/753122,Daniel Stutzman,United States,Men,175,,225,,,,,,,,,,,,,
https://games.crossfit.com/athlete/891279,Nick Agostinelli,United States,Men,535,335,555,1:34,285,2:40,50,,,,,,,,,
https://games.crossfit.com/athlete/1158479,Tiago Vilaca,Canada,Men,465,335,470,,260,2:20,,,,,,,1:01,,,
https://games.crossfit.com/athlete/1355150,Dani Ruiz,Spain,Men,175,145,205,,110,,,,,,,,,,,
https://games.crossfit.com/athlete/229579,Zachary Gibbon,United States,Men (40-44),365,295,465,1:58,225,2:15,60,384,,,19:45,60:36,1:17,,46:30,
https://games.crossfit.com/athlete/166190,Aleksandr Plyushkin,N/A,Men,,,,,,,,,,,,,,,,
https://games.crossfit.com/athlete/1070717,Tobey Krafft,United States,Men,,,,,,,,,,,,,,,,
https://games.crossfit.com/athlete/132626,Angel Rodriguez,United States,Men,430,320,500,,250,2:01,45,,,,,,1:15,,,
https://games.crossfit.com/athlete/1814678,Shunsuke Otsubo,Japan,Men,,,,,,,,,,,,,,,,
https://games.crossfit.com/athlete/1043746,Tom Woodham,Australia,Men,190,145,220,,120,,,,,,21:55,,,,,
https://games.crossfit.com/athlete/1200726,Keehoon Chung,"Korea, Republic of",Men,,,,,,,,,,,,,,,,
https://games.crossfit.com/athlete/2238253,Leonardo Vindas,Costa Rica,Men,,,,,,,,,,,,,,,,
https://games.crossfit.com/athlete/1553986,Alexandre Marsillach,Spain,Men,,125,,,105,2:20,,,,,23:50,,,,,
https://games.crossfit.com/athlete/2054424,Mateusz Latusek,Poland,Men,,,,,,,,,,,,,,,,
https://games.crossfit.com/athlete/771441,Calum Clements,Spain,Men,,,,,,,,,,,,,,,,
https://games.crossfit.com/athlete/307259,Storm Patterson,Canada,Men,440,330,545,,265,2:21,60,,16:50,,19:23,,0:49,,,
https://games.crossfit.com/athlete/1616373,Makengo Lewis,France,Men (40-44),,,,,,,,,,,,,,,,
https://games.crossfit.com/athlete/629629,Thomas Sørensen,Denmark,Men,205,160,245,,126,,,,,,21:30,,1:00,,,
https://games.crossfit.com/athlete/1741619,Theo Kempffer,United States,Men,,,,,,,,,,,,,,,,
https://games.crossfit.com/athlete/446374,Tyler Clarke,Australia,Men,190,150,190,,120,2:57,28,,,,,,,,,
https://games.crossfit.com/athlete/2229834,John Sage,United States,Men,,,,,,,,,,,,,,,,
https://games.crossfit.com/athlete/19203,Andrew Davies,United Kingdom,Men (40-44),,,,,,,48,,,,,,,,,
https://games.crossfit.com/athlete/1927954,Riley Martin,New Zealand,Men,,,,,,,,,,,,,,,,
https://games.crossfit.com/athlete/258151,Jake Douglas,Australia,Men,,,,,,,,,,,,,,,,
https://games.crossfit.com/athlete/242397,Owen Roberts,United Kingdom,Men,210,155,240,1:30,120,2:18,,,,,20:00,,,,,
https://games.crossfit.com/athlete/2545730,Jang hyun Kim,"Korea, Republic of",Men,,,,,,,,,,,,,,,,
https://games.crossfit.com/athlete/645844,Austin Morgan,United States,Men,450,340,535,,275,2:04,75,,,,21:30,,,,,
https://games.crossfit.com/athlete/2178592,Mitchel Cook,Canada,Men,,,,,,,,,,,,,,,,
https://games.crossfit.com/athlete/2652225,kang keeho,"Korea, Republic of",Men,,,,,,,,,,,,,,,,
https://games.crossfit.com/athlete/1079534,Damian Conciatori,Canada,Men,100,100,100,1:47,80,2:20,60,,,,,,,,,
https://games.crossfit.com/athlete/1621807,Karl Feldmer,Germany,Men,200,150,,,120,,,,,,,,,,,
https://games.crossfit.com/athlete/1877447,Carlos Casado,Spain,Men,,,,,,,,,,,,,,,,
https://games.crossfit.com/athlete/1493307,Manuel Antuña González,Spain,Men,,,,,,,,,,,,,,,,
https://games.crossfit.com/athlete/233352,Carlos Lopez,United States,Men (40-44),375,315,485,1:16,235,2:42,65,,,7:33,,,0:50,,,
https://games.crossfit.com/athlete/852342,Gabriel H Oliveira Shinzato,Brazil,Men,375,270,400,,231,5:50,,272,,,,,,,,
https://games.crossfit.com/athlete/532901,Jacob Clark,United States,Men,,,,,,,,,,,,,,,,
https://games.crossfit.com/athlete/500482,Julien Lopez,France,Men (35-39),,,,,,,,,,,,,,,,
https://games.crossfit.com/athlete/1781488,Jonatan Furtado,Uruguay,Men,73,60,10,,,,,,,,14:28,,0:50,,,
https://games.crossfit.com/athlete/1744014,Jacob Carnine,United States,Men,,,,1:58,,,,421,,,18:15,,,,,
https://games.crossfit.com/athlete/1193505,Jerrett Ban,United States,Men,,,,,,,,,,,,,,,,
https://games.crossfit.com/athlete/1028930,Elliot Grace,Australia,Men,,,,,,,,,,,,,,,,
https://games.crossfit.com/athlete/1238626,Maximilian Krieg,United States,Men,,,,,,,,,,,,,,,,
https://games.crossfit.com/athlete/1071918,Justin Holland,United States,Men,455,340,545,1:18,275,2:18,62,,,9:13,,,,,,
https://games.crossfit.com/athlete/977475,Charlie Wiseman,United Kingdom,Men,,,,,,,,,,,,,,,,
https://games.crossfit.com/athlete/410262,Jeremy Vigneault,Canada,Men,475,355,595,,285,,68,,,,18:57,,1:00,,,
https://games.crossfit.com/athlete/147109,Hyuksan Kwon,"Korea, Republic of",Men (35-39),425,330,470,,255,,,,,,,,,,,
https://games.crossfit.com/athlete/1039797,Filemon Souza,Brazil,Men,,,,,,,,,,,,,,,,
https://games.crossfit.com/athlete/1185054,Matthew Hosking,United Kingdom,Men,,,,,,,,,,,,,,,,
https://games.crossfit.com/athlete/1271103,Evan Rogers,United States,Men,,,,,,,,,,,,,,,,
https://games.crossfit.com/athlete/664699,AJ Lizotte,United States,Men (35-39),,,,,,,,,,,,,,,,
https://games.crossfit.com/athlete/901503,Kaique Cerveny,Brazil,Men,,,,,,,,,,,,,,,,
https://games.crossfit.com/athlete/1567185,Frederico Perelló,Brazil,Men,,,,,,,,,,,,,,,,
https://games.crossfit.com/athlete/2096593,Abraham Rodriguez,Mexico,Men,,,,,,,,,,,,,,,,
https://games.crossfit.com/athlete/452750,Alejandro Ocana Garcia,Spain,Men,180,145,210,1:18,115,2:20,62,468,17:20,1:52,23:10,,1:18,,,
https://games.crossfit.com/athlete/1284922,Fabrizio Francescotti,Paraguay,Men,182,155,210,,118,,55,,,,,,,,,
https://games.crossfit.com/athlete/1379783,Seungjong Kim,"Korea, Republic of",Men,,,,,,,,,,,,,,,,
https://games.crossfit.com/athlete/473970,Brian Huynh,United States,Men,,,,,,,,,,,,,,,,
https://games.crossfit.com/athlete/1181293,Alex Imbert,United Kingdom,Men (35-39),,,,,,,,,,,,,,,,
https://games.crossfit.com/athlete/877661,Szymon Urbański,Poland,Men,170,145,220,,115,,,,,,,,,,,
https://games.crossfit.com/athlete/1772447,Jorge Fernandez,United States,Men,495,365,565,,300,,,,,,,,,,,
https://games.crossfit.com/athlete/872212,Dane Naude,Zimbabwe,Men,183,150,,,116,,,,,,,,,,,
https://games.crossfit.com/athlete/1417355,Sina Mohaghegh Pour,Iran,Men,180,120,210,,86,,,,,,19:00,,,,,
https://games.crossfit.com/athlete/928152,Joao Borba,Brazil,Men,,,,,,,,,,,,,,,,
https://games.crossfit.com/athlete/818829,Caelin Weaver,United States,Men,425,330,485,,265,2:13,,,,,,,,,,
https://games.crossfit.com/athlete/470597,Fellonneau Romain,France,Men,170,140,,,110,2:06,,,,,,,,,,
https://games.crossfit.com/athlete/1613057,Salomon Mantel,Netherlands,Men,,,,,,,,,,,,,,,,
https://games.crossfit.com/athlete/677975,Conor McEleny,Australia,Men,150,115,180,,95,,,,,,,,1:11,,,
https://games.crossfit.com/athlete/1209245,Zachary Greer,United States,Men,465,325,515,1:26,265,,,,,,,,,,,
https://games.crossfit.com/athlete/1259923,Ezequiel Ledesma,Argentina,Men,,,,,,,,,,,,,,,,
https://games.crossfit.com/athlete/1649258,Jase Brooks,United States,Men,,,,,,,,,,,,,,,,
https://games.crossfit.com/athlete/1774373,Luis Cuellar,Spain,Men,,,,,,,,,,,,,,,,
https://games.crossfit.com/athlete/81616,Björgvin Karl Guðmundsson,Iceland,Men,445,335,520,2:00,286,2:23,65,,,,19:20,,,,,
https://games.crossfit.com/athlete/2090081,Brandon Willis,United Kingdom,Men,1,1,1,,1,0:01,,,,,,,,,,
https://games.crossfit.com/athlete/1881675,Connor Voltz,United States,Men,485,355,500,,285,2:06,100,,,,,,0:54,,,
https://games.crossfit.com/athlete/1992645,Marty Strong,Australia,Men,,,,,,,,,,,,,,,,
https://games.crossfit.com/athlete/900784,Johnie Charles,United States,Men,475,340,500,,270,2:29,,,,,21:00,,,,,
https://games.crossfit.com/athlete/335572,Tristan Harrison,United States,Men,445,350,450,1:56,285,2:28,59,,21:00,10:03,19:00,,0:56,,,
https://games.crossfit.com/athlete/240482,Mitch Wagner,United States,Men (35-39),485,345,530,1:12,270,1:53,,,,,,,,,,
https://games.crossfit.com/athlete/1955592,Igor Viana,Brazil,Men,210,150,220,,115,,85,,,,21:45,,,,,
https://games.crossfit.com/athlete/566235,Erik Thomas,United States,Men (35-39),395,295,460,,235,2:33,,,,,,,1:04,,,
https://games.crossfit.com/athlete/1683285,Juan Albaladejo,Spain,Men,,,,,,,,,,,,,,,,
https://games.crossfit.com/athlete/259607,Jonathan Gibbons,Canada,Men (35-39),475,325,490,,275,,,,,,,,,,,
https://games.crossfit.com/athlete/2082974,Alijah Attieh,France,Men,,,,,,,,,,,,,,,,
https://games.crossfit.com/athlete/1398324,Benjamin Reyes,Chile,Men,,,,,,,,,,,,,,,,
https://games.crossfit.com/athlete/2171735,Brody Lewis,United States,Men,,,,,,,,,,,,,,,,
https://games.crossfit.com/athlete/1649264,Luca Buisson,France,Men,,,,,,,,,,,,,,,,
https://games.crossfit.com/athlete/1007925,Evan Greenberg,United States,Men,,,,,,,,,,,,,,,,
https://games.crossfit.com/athlete/1949613,Logan Martin,United States,Men,,,,,,,,,,,,,,,,
https://games.crossfit.com/athlete/1502663,Clay Faris,United States,Men,435,355,515,,285,,,,,,,,,,,
https://games.crossfit.com/athlete/917910,Tony Bredelet,France,Men (35-39),170,,,,,2:09,72,,,,15:52,,0:50,,32:30,
https://games.crossfit.com/athlete/239232,Ronnie Minervini,United States,Men (35-39),365,305,455,2:20,275,,,393,,,,,,,,
https://games.crossfit.com/athlete/126543,Sonny Zickefoose,United States,Men,,345,,,280,,,,,,,,,,,
https://games.crossfit.com/athlete/2191655,Carlos Del Arco,Spain,Men,,,,,,,,,,,,,,,,
https://games.crossfit.com/athlete/1756260,David Blatt,United States,Men,,,,,,,,,,,,,,,,
https://games.crossfit.com/athlete/956681,Jack Laker,New Zealand,Men,370,290,450,,230,2:05,,,,,17:55,,0:54,,,
https://games.crossfit.com/athlete/53074,Ben Tobler,United States,Men (35-39),,,,,,,,,,,,,,,,
https://games.crossfit.com/athlete/664593,Josh Mattes,United States,Men,555,365,605,1:07,315,2:00,102,,,,,,,,,
https://games.crossfit.com/athlete/1962735,Timofey Orlov,Kazakhstan,Men,,,,,,,,,,,,,,,,
https://games.crossfit.com/athlete/2087219,Luke Waterhouse,New Zealand,Men (35-39),,,,,,,,,,,,,,,,
https://games.crossfit.com/athlete/1617353,Min Sun Kim,"Korea, Republic of",Men,420,315,455,,255,,,,,,,,,,,
https://games.crossfit.com/athlete/1784263,Filipe Barbosa,Brazil,Men,,,,,,,,,,,,,,,,
https://games.crossfit.com/athlete/41519,Carlos Albaladejo,"Korea, Republic of",Men (35-39),450,365,575,1:20,290,2:30,90,397,,8:30,,,,,,
https://games.crossfit.com/athlete/1267668,Alec Leitch,Australia,Men,,,,,,,,,,,,,,,,
https://games.crossfit.com/athlete/1811689,Felipe Schardong Fank,Brazil,Men,206,160,234,1:59,130,2:30,,,,,22:34,,,,,
https://games.crossfit.com/athlete/1928843,Daniel Swope,United States,Men,415,335,475,,275,,55,,,8:30,21:00,,,,,
https://games.crossfit.com/athlete/1246000,Ian Cox,United States,Men,485,300,465,1:58,240,3:30,,,,,,,0:59,,,
https://games.crossfit.com/athlete/387058,Tony Colasurdo,United States,Men,,,,,,,,,,,,,,,,
https://games.crossfit.com/athlete/1655832,Felix Dufour,Canada,Men,415,297,500,,245,,,,,,,,,,,
https://games.crossfit.com/athlete/1537109,Andrew Templeton,United States,Men,410,276,455,,209,2:20,72,449,,,18:30,50:00,1:00,,31:46,
https://games.crossfit.com/athlete/295905,Dylan Couch,United States,Men,495,315,585,,250,2:29,,,,8:45,24:30,,,,,
https://games.crossfit.com/athlete/654299,Caleb Farrell,United States,Men,,,,,,,,,,,,,,,,
https://games.crossfit.com/athlete/20698,Timothy Paulson,United States,Men (35-39),465,365,530,1:15,300,2:15,68,508,,6:58,18:56,,1:01,,,
https://games.crossfit.com/athlete/13601,Kris Mccuiston,United States,Men (40-44),340,285,410,2:35,225,2:20,103,,17:40,,19:30,,,,,
https://games.crossfit.com/athlete/459777,David Scharff,Netherlands,Men,352,305,471,,264,,20,,,,22:30,,,,,
https://games.crossfit.com/athlete/2854224,Tri Valiquette,Canada,Men,,,,,,,,,,,,,,,,
https://games.crossfit.com/athlete/533212,Tony Lauters,United States,Men,475,325,505,1:40,260,2:00,42,314,17:24,8:10,,,,,,
https://games.crossfit.com/athlete/2103374,Spencer Nelson,United States,Men,,,,,,,,,,,,,,,,
https://games.crossfit.com/athlete/492172,Dennis Björnström,Sweden,Men (35-39),,,,,,,,,,,,,,,,
https://games.crossfit.com/athlete/671975,Jordan Kerr,United States,Men,500,350,540,,280,2:00,,,,,,49:31,0:52,,,
https://games.crossfit.com/athlete/2016165,Trent Strydom,South Africa,Men,,,,,,,,,,,,,,,,
https://games.crossfit.com/athlete/14325,Mitchell Sanchez,United States,Men,,,,,,,,,,,,,,,,
https://games.crossfit.com/athlete/368843,Aidan Hope,New Zealand,Men,160,131,215,1:35,115,2:28,55,,,,22:50,,,,,
https://games.crossfit.com/athlete/512644,Nicholas Plueger,United States,Men,415,305,500,1:31,235,2:30,50,421,,7:30,20:00,50:46,1:00,,38:00,
https://games.crossfit.com/athlete/1095815,Kurt Kara,New Zealand,Men (35-39),,,,,,,,,,,,,,,,
https://games.crossfit.com/athlete/433933,Gonzalo Del Rio,Spain,Men,,,,,,,,,,,,,,,,
https://games.crossfit.com/athlete/1555605,Mike Egan,Canada,Men (35-39),565,315,750,,,,,,,,,,1:20,,,
https://games.crossfit.com/athlete/851683,Arthur Guerin,France,Men,160,115,195,,95,,,,,,,,,,,
https://games.crossfit.com/athlete/988779,Joshua Sharp,Australia,Men,201,116,210,2:32,100,5:20,36,,,10:28,22:34,,,,,
https://games.crossfit.com/athlete/707756,Grant Griffin,United States,Men,405,335,475,,255,,,,,,,,,,,
https://games.crossfit.com/athlete/1213927,Robert Horne,Canada,Men,,,,,,2:43,,,,,,,,,,
https://games.crossfit.com/athlete/899136,Jordan Lundin,United States,Men,415,335,525,1:25,265,2:23,,475,,7:14,,,,,,
https://games.crossfit.com/athlete/976720,Brandon True,United States,Men,485,,,,,,,,,,,,,,,
https://games.crossfit.com/athlete/2511943,Yurii Bulat,N/A,Men,,,,,,,,,,,,,,,,
https://games.crossfit.com/athlete/657072,Austin Marron,Canada,Men,370,255,460,,225,2:57,,,,,18:57,,,,,
https://games.crossfit.com/athlete/500505,Michael Senti,Switzerland,Men (35-39),,,,,,,,,,,,,,,,
https://games.crossfit.com/athlete/1728054,Victor Laborie,France,Men,170,132,195,,105,2:54,60,,,,,,,,,
https://games.crossfit.com/athlete/593785,Jamie Lowry,United Kingdom,Men,465,320,506,,273,,,,,,19:42,,,,,
https://games.crossfit.com/athlete/164978,Guilherme Domingues,Brazil,Men (35-39),455,365,545,1:41,280,2:09,72,,,8:36,21:05,,0:58,,,
https://games.crossfit.com/athlete/2597617,Facundo Rando,Argentina,Men,,,,,,,,,,,,,,,,
https://games.crossfit.com/athlete/1060037,Jaesup Kim,"Korea, Republic of",Men,,,,,,,,,,,,,,,,
https://games.crossfit.com/athlete/1503388,Philroy Peters,United Kingdom,Men,200,125,250,,105,,,,,,18:32,,1:00,,,
https://games.crossfit.com/athlete/1959105,Max Lees,Australia,Men,70,,80,,52,10:48,5,,,,,,,,,
https://games.crossfit.com/athlete/2710914,Merlin Theotim Trabac,Canada,Men,,,,,,,,,,,,,,,,
https://games.crossfit.com/athlete/1423794,Harrison Rowley,Australia,Men,,,,,,,,,,,,,,,,
https://games.crossfit.com/athlete/544958,Stefano Migliorini,Italy,Men (35-39),220,145,255,,110,2:06,,,,,20:00,,1:00,,,
https://games.crossfit.com/athlete/500793,Simon Gélinas,Canada,Men,,,,,,,,,,,,,,,,
https://games.crossfit.com/athlete/1542388,Greg Gross,Canada,Men,435,325,565,,260,,52,,,,,,,,,
https://games.crossfit.com/athlete/1527655,Freddy Ruiz,United States,Men,,,,,,,,,,,,,,,,
https://games.crossfit.com/athlete/1485767,Connor Smith,Australia,Men,195,150,227,1:30,112,2:15,50,,,8:42,21:15,,0:59,,50:55,
https://games.crossfit.com/athlete/756032,Nathan Erbe,United States,Men,,,,,,,,,,,,,,,,
https://games.crossfit.com/athlete/2133474,antonis apostolopoulos,Greece,Men,,,,,,,,,,,,,,,,
https://games.crossfit.com/athlete/1835519,Julius Kieser,Germany,Men,195,150,245,,122,,30,,,,,,,,,
https://games.crossfit.com/athlete/913681,Lucas Heuze,France,Men,,,,,,,,,,,,,,,,
https://games.crossfit.com/athlete/1762608,Morteza Sedaghat,Iran,Men,230,170,280,1:10,137,,75,,,1:11,22:04,,1:04,,,
https://games.crossfit.com/athlete/730729,Paco Bravo,Spain,Men (40-44),180,143,210,,117,2:14,,,,,,,,,,
https://games.crossfit.com/athlete/1814434,Andrew Sambell,Australia,Men,,,,,,,,,,,,,,,,
https://games.crossfit.com/athlete/1990985,Aaron Madrid,Spain,Men,,,,,,,,,,,,,,,,
https://games.crossfit.com/athlete/472545,Christian Hartmann,Sweden,Men,175,140,202,,115,,,,,,,,,,,
https://games.crossfit.com/athlete/351759,Dino Sanna,France,Men (35-39),415,305,500,,240,2:12,,,,,18:39,,0:58,,,
https://games.crossfit.com/athlete/2263342,Perrier Guillaume,France,Men (35-39),150,100,200,,80,,,,,,,55:00,,,,
https://games.crossfit.com/athlete/229265,Gil Silva,Portugal,Men (35-39),190,130,220,,101,,,,,,,,,,,
https://games.crossfit.com/athlete/23934,OJ Washington,United States,Men (35-39),495,341,525,1:50,275,2:14,75,,,6:55,19:00,,0:49,,,
https://games.crossfit.com/athlete/10679,Stef Lig,United Kingdom,Men (35-39),170,115,190,2:07,85,3:34,41,,,7:33,,,,,,
https://games.crossfit.com/athlete/1931823,Erwan Jeanmaire,France,Men,140,90,160,,85,,,,,,,,0:57,,,
https://games.crossfit.com/athlete/2854239,Michael MacLean,United States,Men,,,,,,,,,,,,,,,,
https://games.crossfit.com/athlete/887343,Daniel Rivera,United States,Men,,,,,,,,,,,,,,,,
https://games.crossfit.com/athlete/176156,Steven Pachan,United States,Men (35-39),470,325,517,1:18,253,2:23,40,438,15:58,7:14,19:30,,1:03,,,
https://games.crossfit.com/athlete/7285,Robert Forte,Australia,Men (35-39),430,325,522,1:16,270,2:06,53,517,16:41,7:01,19:30,,0:59,,,
https://games.crossfit.com/athlete/1695722,Park JunHyeon,"Korea, Republic of",Men,,,,,,,,,,,,,,,,
https://games.crossfit.com/athlete/1552760,Bryce Broome,United States,Men,495,350,530,,275,,,,,,,,,,,
https://games.crossfit.com/athlete/1303965,Jhoan Falcon,Canada,Men,,,,,,,,,,,,,,,,
https://games.crossfit.com/athlete/2265855,Antonio Burguete,Mexico,Men,,,,,,,,,,,,,,,,
https://games.crossfit.com/athlete/1939958,João Jesus,Portugal,Men,,,,,,,,,,,,,,,,
https://games.crossfit.com/athlete/932524,Eliott Genin,France,Men,185,150,200,,118,2:03,80,,,,19:58,,,,,
https://games.crossfit.com/athlete/1477278,Bryson DelMonte,United States,Men,445,335,485,,265,2:17,,,,,,,0:57,,,
https://games.crossfit.com/athlete/1854933,Daniel Stewart,United Kingdom,Men,,,,,,,,,,,,,,,,
https://games.crossfit.com/athlete/145761,HyeonJong Na,"Korea, Republic of",Men (35-39),,,,,,,,,,,,,,,,
https://games.crossfit.com/athlete/10080,Andreas Janzen,Germany,Men (40-44),335,275,430,1:44,225,2:33,67,400,18:12,7:49,,,,,,
https://games.crossfit.com/athlete/49297,Guillermo D. Torres,Ecuador,Men,435,340,485,1:34,265,2:00,70,448,,,20:21,,,,,
https://games.crossfit.com/athlete/461950,Eren Kim,"Korea, Republic of",Men,375,300,441,,250,2:26,,,,,,,,,,
https://games.crossfit.com/athlete/575049,Marshall Hawkins,United States,Men,315,,400,2:15,,3:25,,413,,,,53:41,,,,
https://games.crossfit.com/athlete/42717,Joe Scali,Canada,Men (35-39),465,335,555,1:30,275,2:00,,,15:05,,,,,,,
https://games.crossfit.com/athlete/1956854,Diego Calderon,France,Men,,,,,,,,,,,,,,,,
https://games.crossfit.com/athlete/1771671,Olivier Carrier,Canada,Men,,,,,,,,,,,,,,,,
https://games.crossfit.com/athlete/773001,Iurii Marincenco,Italy,Men,200,162,250,,120,,,,,,,,,,,
https://games.crossfit.com/athlete/300638,Tola Morakinyo,United States,Men,500,390,615,,340,,,,,,,,,,,
https://games.crossfit.com/athlete/454496,Marius Tinglum Pettersen,Norway,Men,210,145,250,1:57,124,2:56,,474,18:06,8:03,19:27,,,,,
https://games.crossfit.com/athlete/2090052,Jérémy Kinder,France,Men,,,,,,,,,,,,,,,,
https://games.crossfit.com/athlete/879986,Felix Sobron,Spain,Men,,,,,,,,,,,,,,,,
https://games.crossfit.com/athlete/1695074,Kim Hyeong suk,"Korea, Republic of",Men,,,,,,,,,,,,,,,,
https://games.crossfit.com/athlete/1510340,Sam Rapin,Switzerland,Men,160,130,210,,100,2:38,,,,,,,,,,
https://games.crossfit.com/athlete/567730,Guillermo Nielli,Uruguay,Men,,,,,,,,,,,,,,,,
https://games.crossfit.com/athlete/524876,Diogo Serra,Portugal,Men (35-39),,,,,,,,,,,,,,,,
https://games.crossfit.com/athlete/2435980,Jordan Powell,United Kingdom,Men,,,,,,,,,,,,,,,,
https://games.crossfit.com/athlete/1049924,Darren Robertson,New Zealand,Men,,,,,,,,,,,,,,,,
https://games.crossfit.com/athlete/2082146,Pablo Arraut,Colombia,Men,,,,,,,,,,,,,,,,
https://games.crossfit.com/athlete/336871,Frank Gram,Norway,Men (35-39),,,,,,,,,,,,,,,,
https://games.crossfit.com/athlete/1958980,Sean Finlay,United States,Men,,,,,,,,,,,,,,,,
https://games.crossfit.com/athlete/1249248,Andrew Schaefer,United States,Men,,,,,,,,,,,,,,,,
https://games.crossfit.com/athlete/1075244,Calvin Pollard,United States,Men,425,315,495,1:41,255,2:12,40,,,,20:30,,,,,
https://games.crossfit.com/athlete/180985,Chase Hill,United States,Men (35-39),,,,,,,,,,,,,,,,
https://games.crossfit.com/athlete/2072380,Phillip Wideska,United States,Men,365,255,405,,205,,,,,,,,,,,
https://games.crossfit.com/athlete/1464693,Zack Strehl,United States,Men,335,245,,,195,,,,,,,,,,,
https://games.crossfit.com/athlete/291019,Ted Starkweather,United States,Men,,,,,,,,,,,,,,,,
https://games.crossfit.com/athlete/1708103,Drake Stephens,United States,Men,415,315,505,,240,,,,,7:18,20:08,,,,,
https://games.crossfit.com/athlete/2363065,junghyun LEE,"Korea, Republic of",Men,,,,,,,,,,,,,,,,
https://games.crossfit.com/athlete/893115,Jackson Drohan,United States,Men,,,,,,,,,,,,,,,,
https://games.crossfit.com/athlete/903804,Javier Arencibia,United States,Men,435,345,525,,270,2:08,61,,,,,,1:00,,,
https://games.crossfit.com/athlete/903203,Carlos Jordán Ruiz,Spain,Men,190,145,245,,120,2:17,50,,,,18:50,,,,,
https://games.crossfit.com/athlete/2383676,Kanji Sakiyama,Japan,Men,12,10,2,,10,0:10,,,,,,,,,,
https://games.crossfit.com/athlete/467876,Danny Voronov,Israel,Men,,,,,,,,,,,,,,,,
https://games.crossfit.com/athlete/2141717,Cole Anderson,United States,Men,,,,,,,,,,,,,,,,
https://games.crossfit.com/athlete/232826,John Hansen,United States,Men (35-39),435,335,505,1:51,275,2:11,,,,8:06,21:25,,,,,
https://games.crossfit.com/athlete/1954419,Oscar Castro,Spain,Men,,,,,,,,,,,,,,,,
https://games.crossfit.com/athlete/2113327,Valentin Mesa,Argentina,Men,190,150,230,,122,,81,,,,20:25,,,,,
https://games.crossfit.com/athlete/1051836,Leonardo Vitti,Brazil,Men,,,,,,,,,,,,,,,,
https://games.crossfit.com/athlete/1752980,Joaquin Dionio,United States,Men,,,,,,,,,,,,,,,,
https://games.crossfit.com/athlete/159698,Joey Peres,United States,Men (40-44),405,310,465,1:38,260,,,,,,,,,,,
https://games.crossfit.com/athlete/1795222,Fabian Usai,Australia,Men,1,,20,,,,,,,,,,,,,
https://games.crossfit.com/athlete/2181460,Santtu Toiviainen,Finland,Men,,,,,,,,,,,,,,,,
https://games.crossfit.com/athlete/4354,Ram Dover,Israel,Men (35-39),181,150,240,2:26,120,2:16,40,,,8:24,20:15,,1:02,,,
https://games.crossfit.com/athlete/665086,Marco Esposito,Italy,Men,180,120,200,,100,,,,,,,,,,,
https://games.crossfit.com/athlete/1986506,Diego Torres,Chile,Men,,,,1:52,,2:28,58,,,,,,,,,
https://games.crossfit.com/athlete/29386,Bryce Brown,United States,Men (35-39),,,,,,,,,,,,,,,,
https://games.crossfit.com/athlete/2249883,Jared Bussiere,Canada,Men,,,,,,,,,,,,,,,,
https://games.crossfit.com/athlete/126813,Craig Kenney,United States,Men (35-39),,,,,,,,,,,,,,,,
https://games.crossfit.com/athlete/1542031,Payton Lunsford,United States,Men,425,300,465,,250,,,,,,20:59,,,,,
https://games.crossfit.com/athlete/1145631,Robert Yates,United States,Men,445,336,541,,295,,,,,,,,,,,
https://games.crossfit.com/athlete/226998,Benjamin Roser,Germany,Men (35-39),175,115,212,,93,3:35,,,,,,,,,,
https://games.crossfit.com/athlete/1826897,Hyunjun Kwon,"Korea, Republic of",Men,,,,,,,,,,,,,,,,
https://games.crossfit.com/athlete/1722254,Ricardo Marquez,Brazil,Men,200,166,227,,143,2:04,100,,,,,,,,,
https://games.crossfit.com/athlete/1666069,Rafael Gallo,Canada,Men,505,350,600,,285,2:30,,472,,,,,,,,
https://games.crossfit.com/athlete/969669,Levin Wilson,United States,Men,460,350,525,2:38,300,,55,,,,,,0:49,,,
https://games.crossfit.com/athlete/1555257,Radouane El Ghadouini,Morocco,Men,,,,,,,,,,,,,,,,
https://games.crossfit.com/athlete/1233518,Anestis Artemis,Greece,Men,,,,,,,,,,,,,,,,
https://games.crossfit.com/athlete/2846708,Jakes Gurrutxaga,Spain,Men,,,,,,,,,,,,,,,,
https://games.crossfit.com/athlete/2804665,gianmarco manes,Italy,Men,,,,,,,,,,,,,,,,
https://games.crossfit.com/athlete/198145,Adam Joseph,United States,Men (35-39),,,,,,,,,,,,,,,,
https://games.crossfit.com/athlete/2501414,Aaron Oreste,Venezuela,Men,190,130,231,3:27,105,,,,,,,,,,44:52,
https://games.crossfit.com/athlete/2016387,Steven Taillefer,France,Men,190,150,220,,120,,,,,,,,,,,
https://games.crossfit.com/athlete/1226945,Ben Simons,United States,Men,455,335,535,1:27,245,2:12,,396,,,,,,,,
https://games.crossfit.com/athlete/1183138,Harry Kean,United Kingdom,Men,220,160,245,,140,2:10,,,,,21:11,,,,,
https://games.crossfit.com/athlete/2423549,문 카멜,"Korea, Republic of",Men,,,,,,,,,,,,,,,,
https://games.crossfit.com/athlete/1820387,Bernardo Torquato Costa,Brazil,Men,,,,,,,,,,,,,,,,
https://games.crossfit.com/athlete/2248475,Roman Blackman,New Zealand,Men,,,,,,,,,,,,,,,,
https://games.crossfit.com/athlete/1954363,Shaquille Hamilton,United States,Men,,,,,,,,,,,,,,,,
https://games.crossfit.com/athlete/215686,Victor Grousset,France,Men,,,,,,,,,,,,,,,,
https://games.crossfit.com/athlete/2246566,Nick Boudreau,United States,Men,,,,,,,,,,,,,,,,
https://games.crossfit.com/athlete/1102241,Casey Strong,United States,Men,500,350,245,1:09,280,2:27,40,396,,8:30,19:58,,,,,
https://games.crossfit.com/athlete/1739263,Toni Koskinen,Finland,Men,170,120,210,,80,,,,,,,,,,,
https://games.crossfit.com/athlete/1995606,Michiel Van Gijzeghem,Belgium,Men,,,260,1:54,,,,,,,19:31,,,,,
https://games.crossfit.com/athlete/1426608,Brandon Van Niekerk,South Africa,Men,,,,,,,,,,,,,,,,
https://games.crossfit.com/athlete/1955801,Jacob Dunlap,United States,Men,,,,,,,,,,,,,,,,
https://games.crossfit.com/athlete/672362,Caio Moyses,Brazil,Men (35-39),220,145,250,1:32,120,,,,,,23:50,,,,,
https://games.crossfit.com/athlete/2569282,Oleg Lascenko,United Kingdom,Men,,,,,,,,,,,,,,,,
https://games.crossfit.com/athlete/2306742,Chung Won Baek,"Korea, Republic of",Men,445,310,495,,250,2:23,,,,,25:00,69:11,,,,
https://games.crossfit.com/athlete/101860,Alan Foulis,South Africa,Men (35-39),200,151,220,1:52,125,2:35,39,412,19:45,,23:04,,0:58,,,
https://games.crossfit.com/athlete/1881602,Caio Paina,Brazil,Men,,165,220,,122,,,,,,,,,,,
https://games.crossfit.com/athlete/307696,William Kearney,Australia,Men,195,152,227,2:01,120,,,380,,8:21,19:38,,1:01,,,
https://games.crossfit.com/athlete/932990,Taylor Self,United States,Men,435,315,460,,275,,,,,,18:26,,,,,
https://games.crossfit.com/athlete/113791,Tucker McLemore,United States,Men,420,330,520,1:34,250,2:12,,508,17:36,,18:32,,1:01,,,
https://games.crossfit.com/athlete/1595122,Elijah Subiono,United States,Men,,,,,,,,,,,,,,,,
https://games.crossfit.com/athlete/1055621,Cole Caldwell,United States,Men,,,,,,,,,,,,,,,,
https://games.crossfit.com/athlete/2634595,Blake Waugh,Australia,Men,,,,,,,,,,,,,,,,
https://games.crossfit.com/athlete/2736346,Thibauld Cosatti,France,Men,,,,,,,,,,,,,,,,
https://games.crossfit.com/athlete/1790799,Jonas Svege,Norway,Men,,,,,,,,,,,,,,,,
https://games.crossfit.com/athlete/2185784,Haden Hallman,United States,Men,,,,,,,,,,,,,,,,
https://games.crossfit.com/athlete/674941,Lukas Ozaki,Chile,Men,425,315,455,2:16,235,2:14,57,,,,22:40,,,,,
https://games.crossfit.com/athlete/2822674,Ivan Zakabunya,N/A,Men,200,,230,,120,,,,,,19:38,,,,,
https://games.crossfit.com/athlete/2057231,Jeongtaek Cho,"Korea, Republic of",Men,,,,,,,,,,,,,,,,
https://games.crossfit.com/athlete/2224966,JeongYun Kim,"Korea, Republic of",Men,,,,,,,,,,,,,,,,
https://games.crossfit.com/athlete/422637,Dylan Hamming,United States,Men,,,,,,,,,,,,,,,,
https://games.crossfit.com/athlete/1446697,Shane Caswell,United Kingdom,Men,,,,,,,,,,,,,,,,
https://games.crossfit.com/athlete/1454831,Léo ASTARIE,France,Men,203,145,230,1:46,113,3:00,50,,,,,,,,,1:07
https://games.crossfit.com/athlete/407580,Cameron Randall,United States,Men,390,306,500,,255,2:36,50,,,,,,1:12,,,
https://games.crossfit.com/athlete/177066,Gary Featherstone,Ireland,Men,165,130,190,1:56,110,2:18,64,,,,17:57,,0:56,,46:46,
https://games.crossfit.com/athlete/1988285,Muanda Elias,Angola,Men,,,,,,,,,,,,,,,,
https://games.crossfit.com/athlete/621578,Timothy Davis,Australia,Men,180,150,230,1:21,116,2:12,,381,,7:57,20:00,,1:02,,,
https://games.crossfit.com/athlete/457623,Joshua Gervais,Canada,Men,420,355,515,,290,,81,,,,,,,,,
https://games.crossfit.com/athlete/886686,Logan Jenkins,United States,Men,475,315,600,2:11,260,2:13,61,489,,7:30,,,1:05,,,
https://games.crossfit.com/athlete/1831591,Shahab Shemirani,Iran,Men,,,,,,,,,,,,,,,,
https://games.crossfit.com/athlete/2510696,FRASER JEAVONS,Australia,Men,,,,,,,,,,,,,,,,
https://games.crossfit.com/athlete/2512098,Williams Rios,Argentina,Men,,,,,,,,,,,,,,,,
https://games.crossfit.com/athlete/199533,J. Rodrigo Agreda,Bolivia,Men,455,330,515,1:18,250,1:56,69,439,15:23,7:08,18:15,,0:58,,,
https://games.crossfit.com/athlete/959058,Bryce Shearer,New Zealand,Men,190,155,235,1:12,130,2:18,62,464,,6:56,18:48,,,,,
https://games.crossfit.com/athlete/1867304,Ryan Zeisloft,United States,Men,485,335,585,1:31,275,2:12,42,394,,,22:51,,1:09,,,
https://games.crossfit.com/athlete/270893,Guillaume Magnouat,France,Men (35-39),,,,,,,,,,,,,,,,
https://games.crossfit.com/athlete/1263465,Nikita Salmin,N/A,Men,,,,,,,,,,,,,,,,
https://games.crossfit.com/athlete/1973940,Luiz Dias,Brazil,Men,,,,,,,,,,,,,,,,
https://games.crossfit.com/athlete/1272667,Jack Levy,United States,Men,,,,,,,,,,,,,,,,
https://games.crossfit.com/athlete/1743100,Junyoung Hwang,"Korea, Republic of",Men,,,,,,,,,,,,,,,,
https://games.crossfit.com/athlete/478551,Shane Cavanaugh,United States,Men,,,,,,,,,,,,,,,,
https://games.crossfit.com/athlete/2822453,Pourya Mohammadi,Iran,Men,,,,,,,,,,,,,,,,
https://games.crossfit.com/athlete/2062610,Tyrel Brunson,United States,Men,490,335,545,2:20,250,2:57,35,,,,20:28,,1:00,,,
https://games.crossfit.com/athlete/153625,Cole Sager,United States,Men,475,345,505,1:10,275,2:03,68,522,13:15,7:14,19:28,,0:54,,,
https://games.crossfit.com/athlete/1700418,Arturo Torres,United States,Men,,,,,,,,,,,,,,,,
https://games.crossfit.com/athlete/814471,Stephen Mischewski,New Zealand,Men,,,,,,,,,,,,,,,,
https://games.crossfit.com/athlete/2112405,Lautaro Brichetti,Argentina,Men,,,,,,,,,,,,,,,,
https://games.crossfit.com/athlete/175079,Nicholas Shafer,United States,Men (35-39),,,,,,,,,,,,,,,,
https://games.crossfit.com/athlete/202638,Royce Dunne,Australia,Men,496,397,600,1:30,308,2:07,70,343,25:58,7:29,23:30,51:05,0:57,,43:35,
https://games.crossfit.com/athlete/1690476,Daniel McKay,Australia,Men,,,,,,,,,,,,,,,,
https://games.crossfit.com/athlete/802281,Tyler Hickey,Australia,Men,200,140,227,,110,,51,,,,20:41,,1:02,,,
https://games.crossfit.com/athlete/376962,Anibal Gonzalez,United States,Men (40-44),,,,,,,,,,,,,,,,
https://games.crossfit.com/athlete/869842,Filippo Pesaresi,Italy,Men (35-39),,,,,,,,,,,,,,,,
https://games.crossfit.com/athlete/487291,Ben Stevens,United Kingdom,Men,297,,330,,,,,,,,,,,,,
https://games.crossfit.com/athlete/516495,Treyton Buresh,United States,Men,445,305,480,2:04,230,2:16,66,,,9:11,21:30,,,,,
https://games.crossfit.com/athlete/1771112,Andreas Timenes,Norway,Men,180,146,215,,120,,20,,,,,,,,,
https://games.crossfit.com/athlete/304191,Jostein Opdahl-Jenssen,Norway,Men,175,133,190,,105,,,339,,,,,,,,
https://games.crossfit.com/athlete/1337139,Blair MacDonald,Canada,Men,510,340,600,,275,2:25,42,,,,19:55,,,,45:28,
https://games.crossfit.com/athlete/2161989,Zachary Rains,United States,Men,455,315,545,,252,2:27,35,,,,,,1:05,,,
https://games.crossfit.com/athlete/880849,Gabriel Townsend,United States,Men,505,325,615,,,2:03,,,,,,,,,,
https://games.crossfit.com/athlete/680917,Koby Roberts,Canada,Men,405,315,400,2:12,245,2:41,60,,,,18:05,,1:10,,,
https://games.crossfit.com/athlete/1671034,Max Jolley,Australia,Men,170,140,200,,93,,,,,,,,,,,
https://games.crossfit.com/athlete/111024,Niklas Hecht,United States,Men (35-39),475,355,525,1:08,285,2:01,68,,,,,,,,,
https://games.crossfit.com/athlete/1823328,Joel Marietti,United States,Men,,,,,,,,,,,,,,,,
https://games.crossfit.com/athlete/681916,Josh Kernot,South Africa,Men,195,145,250,1:44,117,,,,,,,,,,,
https://games.crossfit.com/athlete/1847194,Felix Theriault,Canada,Men,415,305,435,3:18,240,,35,,,,20:02,,,,,
https://games.crossfit.com/athlete/689327,Illya Karchkov,Ukraine,Men (35-39),,,,,,,,,,,,,,,,
https://games.crossfit.com/athlete/169360,Anderon Primo,Brazil,Men,500,365,555,1:40,308,2:32,57,,,,21:22,,0:56,,,
https://games.crossfit.com/athlete/1743030,Jack Jeffery,Australia,Men,195,155,235,,125,2:22,,,,8:11,20:26,56:30,,,,
https://games.crossfit.com/athlete/498089,Nicholas Anapolsky,Canada,Men (35-39),,,,,,,,,,,,,,,,
https://games.crossfit.com/athlete/281442,Austin Nedelcoff,United States,Men,425,335,485,,275,2:25,60,,,,,,,,,
https://games.crossfit.com/athlete/1262551,Luke Fowler,New Zealand,Men,,,,,,,,,,,,,,,,
https://games.crossfit.com/athlete/1770206,Valentin Correia,France,Men,,,,,,,,,,,,,,,,
https://games.crossfit.com/athlete/1297270,David Giampa,Canada,Men,,,,,,,,,,,,,,,,
https://games.crossfit.com/athlete/1738541,David Harvey,Australia,Men (40-44),,,,,,,,,,,,,,,,
https://games.crossfit.com/athlete/278578,JiMoo Son,"Korea, Republic of",Men,500,360,600,1:10,290,1:53,79,,,,,,,,,
https://games.crossfit.com/athlete/1650313,Jayson Lucas,Canada,Men (35-39),455,335,555,1:37,285,2:28,60,,,,22:00,,,,,
https://games.crossfit.com/athlete/2826024,marcos diaz villarruel,Argentina,Men,,,,,,,,,,,,,,,,
https://games.crossfit.com/athlete/231143,Antonio Barrias,China,Men (35-39),250,165,265,,130,2:06,66,,,,,,,,,
https://games.crossfit.com/athlete/182502,Fabio Dechichi,Brazil,Men (35-39),180,150,215,1:46,120,2:14,50,,,7:55,21:44,,1:00,,,
https://games.crossfit.com/athlete/1947498,Munhong Kim,"Korea, Republic of",Men,999999,999999,999999,,999999,,,,,,,,,,,
https://games.crossfit.com/athlete/103083,Sam Harvey,United Kingdom,Men,180,,210,,,3:01,,,,,,,,,,
https://games.crossfit.com/athlete/1183693,Benjamin Nezmah,Austria,Men,,,,,,,,,,,,,,,,
https://games.crossfit.com/athlete/2182395,Dante Karangaroa,New Zealand,Men,,,,,,,,,,,,,,,,
https://games.crossfit.com/athlete/711736,Shawn Leffler,United States,Men,,,,,,,,,,,,,,,,
https://games.crossfit.com/athlete/1933178,Guilherme Maciel,Brazil,Men,,,,,,,,,,,,,,,,
https://games.crossfit.com/athlete/926891,Eric Meneses,Colombia,Men,167,134,207,,108,,,,,,,,,,,
https://games.crossfit.com/athlete/569091,Luis Cacacho,Guatemala,Men,,,,,,,,,,,,,,,,
https://games.crossfit.com/athlete/1170825,Josh McDonald,United Kingdom,Men,140,100,175,,75,,,273,,,14:03,,0:52,,,
https://games.crossfit.com/athlete/751487,Luke Burns,United States,Men,415,330,515,,260,2:10,63,,,7:08,17:53,,,,,
https://games.crossfit.com/athlete/1979091,Tariq Miller,Guam,Men,460,365,530,,264,,,,,,19:32,,0:49,,,
https://games.crossfit.com/athlete/997471,EJ Hein,United States,Men,,,,,,,,,,,,,,,,
https://games.crossfit.com/athlete/449800,Tati Oroña,Spain,Men,,,,,,,,,,,,,,,,
https://games.crossfit.com/athlete/2453967,Tre Trammell,United States,Men,,,,,,,,,,,,,,,,
https://games.crossfit.com/athlete/2166103,Joonghan Ro,"Korea, Republic of",Men,,,,,,,,,,,,,,,,
https://games.crossfit.com/athlete/502342,Norbert Jędra,Poland,Men,200,155,220,,125,2:04,,,,,,,,,,
https://games.crossfit.com/athlete/735945,Adrien Rodriguez,France,Men,150,110,160,,85,3:31,,,,,,,,,,
https://games.crossfit.com/athlete/456903,Dominik Kolera,Poland,Men,,,,,,,,,,,,,,,,
https://games.crossfit.com/athlete/562605,Jadyn Whakatope-Stewart,Australia,Men,,,,,,,,,,,,,,,,
https://games.crossfit.com/athlete/1458851,Raffael Bucher,Switzerland,Men,,,,,,,,,,,,,,,,
https://games.crossfit.com/athlete/23655,Ant Haynes,China,Men (35-39),,,,,,,,,,,,,,,,
https://games.crossfit.com/athlete/883119,Do-eon Kwak,"Korea, Republic of",Men,375,305,425,,245,2:18,,,,,,,,,,
https://games.crossfit.com/athlete/2106352,Gabriel Perez,United States,Men,415,325,475,1:49,275,2:27,,,,,25:36,,,,59:37,
https://games.crossfit.com/athlete/450385,Michael Tulimiero,United States,Men,,,,,,,,,,,,,,,,
https://games.crossfit.com/athlete/2109159,Sunjae Han,"Korea, Republic of",Men (35-39),,,,,,,,,,,,,,,,
https://games.crossfit.com/athlete/433886,Seokbeom Kim,"Korea, Republic of",Men,475,340,505,,275,,,,,,21:00,,,,,
https://games.crossfit.com/athlete/2085546,Jerrod Lyon,United States,Men,475,330,575,,250,2:17,70,,,,18:23,,0:48,,,
https://games.crossfit.com/athlete/1635693,Thomas Boon,Netherlands,Men,200,150,215,,116,,,,,,18:36,,,,,
https://games.crossfit.com/athlete/1626363,Nathan Corden,Australia,Men,,,,,,,,,,,,,,,,
https://games.crossfit.com/athlete/453239,Jeffrey Dupuis,Canada,Men,360,300,442,1:57,245,2:37,60,,,,,,,,,
https://games.crossfit.com/athlete/2083610,Rodney Stretton,United Kingdom,Men (35-39),164,120,190,2:30,,3:40,,357,,9:21,22:15,,,,,
https://games.crossfit.com/athlete/822255,Andrea Botticelli,Italy,Men,,,,,,,,,,,,,,,,
https://games.crossfit.com/athlete/1846008,Rodrigo García,Spain,Men,202,130,236,,120,2:14,,,,,,,1:05,,,
https://games.crossfit.com/athlete/43761,Ben Smith,United States,Men (35-39),480,335,540,1:51,300,2:25,76,520,16:17,7:19,20:20,,0:58,,,
https://games.crossfit.com/athlete/318264,James Hargreaves,Australia,Men,,,,,,,,,,,,,,,,
https://games.crossfit.com/athlete/20633,Chris Clyde,United States,Men (35-39),485,335,525,1:22,290,2:20,70,451,,7:20,21:15,,0:59,3:11,,
https://games.crossfit.com/athlete/348805,Will Bennett,United States,Men,465,355,465,1:24,285,2:02,55,,,,,,,,,
https://games.crossfit.com/athlete/230177,Jeremy Dumont,France,Men,,,,,,,,,,,,,,,,
https://games.crossfit.com/athlete/1782680,Francesco Motta,Italy,Men,160,125,230,,105,2:49,,,,,,,,,,
https://games.crossfit.com/athlete/906505,Tyler Thompson,United States,Men,435,340,530,,270,2:56,,,19:41,,20:46,,,,,
https://games.crossfit.com/athlete/1418546,Kaiden Myers,United States,Men,,,,,,,,,,,,,,,,
https://games.crossfit.com/athlete/814517,Alex Zomerfeld,United States,Men,,,,,,,,,,,,,,,,
https://games.crossfit.com/athlete/912894,Niccolò Colli,Italy,Men,,,,,,,,,,,,,,,,
https://games.crossfit.com/athlete/1054542,Luciano Souza,Brazil,Men,200,150,220,,120,,,,,,,,,,,
https://games.crossfit.com/athlete/2259504,Mateus Romão,Brazil,Men,210,160,263,,120,2:36,60,,,,20:15,,1:08,,,
https://games.crossfit.com/athlete/21707,Richard Smith,South Africa,Men (35-39),440,337,250,1:58,255,2:09,70,418,,,16:45,,,,,
https://games.crossfit.com/athlete/2718280,Joonho Cha,"Korea, Republic of",Men,,,,,,,,,,,,,,,,
https://games.crossfit.com/athlete/179291,Iker Longas,Spain,Men (40-44),185,138,230,,110,2:20,,,,,,,,,,
https://games.crossfit.com/athlete/114242,Adam Mansy,Australia,Men (35-39),,,,,,,,,,,,,,,,
https://games.crossfit.com/athlete/302593,Blake Sama,United States,Men (35-39),,,,,,,,,,,,,,,,
https://games.crossfit.com/athlete/1538093,Pierre-Antoine Grammont,France,Men,185,150,,,115,2:10,,,,,,,,,,
https://games.crossfit.com/athlete/2009464,Brandyn Gaskill,Australia,Men,,,,,,,,,,,,,,,,
https://games.crossfit.com/athlete/2197246,Ahmet Talha Onay,Turkey,Men,,,,,,,,,,,,,,,,
https://games.crossfit.com/athlete/367100,Steven Wilson,United States,Men,,,,,,,,,,,,,,,,
https://games.crossfit.com/athlete/929178,Andreas Methenitis,United Kingdom,Men,,,,,,,,,,,,,,,,
https://games.crossfit.com/athlete/1982928,Rj Mestre,United States,Men,,,,,,,,,,,,,,,,
https://games.crossfit.com/athlete/2176037,Antoine Debray,France,Men,170,131,,,,,,,,,,,,,,
https://games.crossfit.com/athlete/1871851,Logan Brown,United States,Men,,,,,,,,,,,,,,,,
https://games.crossfit.com/athlete/2406736,Ole Bosman,Netherlands,Men,,,,,,,,,,,,,,,,
https://games.crossfit.com/athlete/2082854,Chris Ibarra,United States,Men,,,,,,,,,,,,,,,,
https://games.crossfit.com/athlete/2009480,Austin Meyers,United States,Men,,,,,,,,,,,,,,,,
https://games.crossfit.com/athlete/1476286,James Portelli,Australia,Men,205,150,225,1:30,117,2:17,49,,,,,,,,,
https://games.crossfit.com/athlete/1926855,Tyler Etheridge,United States,Men,525,365,545,1:45,265,2:10,80,445,,7:30,19:45,39:00,0:58,,,
https://games.crossfit.com/athlete/1526769,Fredrik Lindström,Sweden,Men,,,,,,,,,,,,,,,,
https://games.crossfit.com/athlete/806301,Spencer Woltz,Canada,Men (35-39),,,,,,,,,,,,,,,,
https://games.crossfit.com/athlete/1710046,Luca Guerra,Italy,Men,185,131,205,,115,2:30,29,,,,,,,,,
https://games.crossfit.com/athlete/1807592,Sam Robinson,United Kingdom,Men,,,,,,,,,,,,,,,,
https://games.crossfit.com/athlete/1178252,Piero Gorichon,Chile,Men,,,,,,,50,,,,,,1:05,,,
https://games.crossfit.com/athlete/2440282,Lee Ki bok,"Korea, Republic of",Men (35-39),,,,,,,,,,,,,,,,
https://games.crossfit.com/athlete/925870,Moritz Fiebig,Germany,Men,220,171,260,,135,,,,,,,,,,,
https://games.crossfit.com/athlete/263008,Dominik Schröpfler,Austria,Men,,,,,,,,,,,,,,,,
https://games.crossfit.com/athlete/1114159,Adam Kaczmarek,Poland,Men,,,,,,,,,,,,,,,,
https://games.crossfit.com/athlete/2650626,Federico Judais,Argentina,Men,,,,,,,,,,,,,,,,
https://games.crossfit.com/athlete/237406,Joshua Pollema,United States,Men,415,315,575,1:38,265,2:03,,459,,7:21,,,0:54,,,
https://games.crossfit.com/athlete/1009214,Dylan Roberts,Australia,Men (35-39),170,130,205,2:00,110,2:34,60,,,,,,,,,
https://games.crossfit.com/athlete/2013782,Thalison Martins,Brazil,Men,,,,,,,,,,,,,,,,
https://games.crossfit.com/athlete/338123,Andrew Madrid,United States,Men,,,,,,,,,,,,,,,,
https://games.crossfit.com/athlete/667603,Baptiste Atcher,France,Men (35-39),,,,,,,,,,,,,,,,
https://games.crossfit.com/athlete/1197857,Joey Harrison,United Kingdom,Men,160,130,175,,110,,9,,,,17:59,,,,,
https://games.crossfit.com/athlete/2503679,samuel zaleme,Argentina,Men,,,,,,,,,,,,,,,,
https://games.crossfit.com/athlete/1787453,Colby Child,United States,Men,425,275,500,,215,2:17,,,,,,,,,,
https://games.crossfit.com/athlete/1480988,Marcello Clarizio,Canada,Men,,,,,,,,,,,,,,,,
https://games.crossfit.com/athlete/225431,Jordan Chenier,Canada,Men,,,485,,210,2:34,,,,,18:00,,,,,
https://games.crossfit.com/athlete/1873507,Arnau Sabaté Batalla,Spain,Men,,,,,,,,,,,,,,,,
https://games.crossfit.com/athlete/2216592,Simon Wilson,Canada,Men,415,275,505,,225,2:37,49,,,,26:51,,0:59,,,
https://games.crossfit.com/athlete/1420192,Andris Sturans,United States,Men,,,,,,,,,,,,,,,,
https://games.crossfit.com/athlete/923476,Jeonghwa Hong,"Korea, Republic of",Men,,,,,,,,,,,,,,,,
https://games.crossfit.com/athlete/243194,Conor McGrath,Australia,Men (35-39),230,150,273,,125,2:08,,,,,,,,,,
https://games.crossfit.com/athlete/2299731,Chris Parillo,Canada,Men (35-39),,,,,,,,,,,,,,,,
https://games.crossfit.com/athlete/30433,Anders Gronsund,Norway,Men (35-39),,,,,,,,,,,,,,,,
https://games.crossfit.com/athlete/74189,Michael Rose,United States,Men,485,335,585,1:28,275,2:11,,,,,18:00,,0:55,,,
https://games.crossfit.com/athlete/925758,Antoine Eternot,France,Men,,,,,,,,,,,,,,,,
https://games.crossfit.com/athlete/509169,Troy Kopp,United States,Men,425,356,500,1:58,280,2:18,,,,,,,,,,
https://games.crossfit.com/athlete/2279426,Brayan Stiven fajardo,Colombia,Men,,,,,,,,,,,,,,,,
https://games.crossfit.com/athlete/2593495,Ethan Scheibe,United States,Men,,,,,,,,,,,,,,,,
https://games.crossfit.com/athlete/2546062,웅 안,"Korea, Republic of",Men,,,,,,,,,,,,,,,,
https://games.crossfit.com/athlete/673234,Alexander Zhemchugov,N/A,Men,210,146,210,,121,4:10,55,,,,19:10,,,,,
https://games.crossfit.com/athlete/560560,Stephen Clegg,United States,Men,510,375,556,1:19,301,2:02,50,497,,,20:18,,,2:45,,
https://games.crossfit.com/athlete/1215674,Eero Laakso,Finland,Men,,,,,,,,,,,,,,,,
https://games.crossfit.com/athlete/2650741,Matias Becheran,Argentina,Men,,,,,,,,,,,,,,,,
https://games.crossfit.com/athlete/1873769,Mitch Harley,Australia,Men,,,,,,,,,,,19:37,,,,,
